key,percentage_identity_P1190_Madre_SD_BE,percentage_identity_P1191_Madre_SD_BE,percentage_identity_P1194_Madre_SD_BE,percentage_identity_P2182_Madre_SD_BE,percentage_identity_P2183_Madre_SD_BE,percentage_identity_P2185_Madre_SD_BE,percentage_identity_P2186_Madre_SD_BE,percentage_identity_P2187_Madre_SD_BE,percentage_identity_P2799_SD_BE,percentage_identity_P2800_SD_BE,percentage_identity_P515_SD_Italy,percentage_identity_P516_SD_Italy,percentage_identity_P518_SD_Italy,percentage_identity_P526_SD_Italy,percentage_identity_P527_SD_Italy,percentage_identity_P568_Madre_SD_BE,percentage_identity_Reference,percentage_identity_Type_strain,full_percentage_identity_P1190_Madre_SD_BE,full_percentage_identity_P1191_Madre_SD_BE,full_percentage_identity_P1194_Madre_SD_BE,full_percentage_identity_P2182_Madre_SD_BE,full_percentage_identity_P2183_Madre_SD_BE,full_percentage_identity_P2185_Madre_SD_BE,full_percentage_identity_P2186_Madre_SD_BE,full_percentage_identity_P2187_Madre_SD_BE,full_percentage_identity_P2799_SD_BE,full_percentage_identity_P2800_SD_BE,full_percentage_identity_P515_SD_Italy,full_percentage_identity_P516_SD_Italy,full_percentage_identity_P518_SD_Italy,full_percentage_identity_P526_SD_Italy,full_percentage_identity_P527_SD_Italy,full_percentage_identity_P568_Madre_SD_BE,full_percentage_identity_Reference,full_percentage_identity_Type_strain,alignment_coverage_P1190_Madre_SD_BE,alignment_coverage_P1191_Madre_SD_BE,alignment_coverage_P1194_Madre_SD_BE,alignment_coverage_P2182_Madre_SD_BE,alignment_coverage_P2183_Madre_SD_BE,alignment_coverage_P2185_Madre_SD_BE,alignment_coverage_P2186_Madre_SD_BE,alignment_coverage_P2187_Madre_SD_BE,alignment_coverage_P2799_SD_BE,alignment_coverage_P2800_SD_BE,alignment_coverage_P515_SD_Italy,alignment_coverage_P516_SD_Italy,alignment_coverage_P518_SD_Italy,alignment_coverage_P526_SD_Italy,alignment_coverage_P527_SD_Italy,alignment_coverage_P568_Madre_SD_BE,alignment_coverage_Reference,alignment_coverage_Type_strain,hadamard_P1190_Madre_SD_BE,hadamard_P1191_Madre_SD_BE,hadamard_P1194_Madre_SD_BE,hadamard_P2182_Madre_SD_BE,hadamard_P2183_Madre_SD_BE,hadamard_P2185_Madre_SD_BE,hadamard_P2186_Madre_SD_BE,hadamard_P2187_Madre_SD_BE,hadamard_P2799_SD_BE,hadamard_P2800_SD_BE,hadamard_P515_SD_Italy,hadamard_P516_SD_Italy,hadamard_P518_SD_Italy,hadamard_P526_SD_Italy,hadamard_P527_SD_Italy,hadamard_P568_Madre_SD_BE,hadamard_Reference,hadamard_Type_strain,alignment_lengths_P1190_Madre_SD_BE,alignment_lengths_P1191_Madre_SD_BE,alignment_lengths_P1194_Madre_SD_BE,alignment_lengths_P2182_Madre_SD_BE,alignment_lengths_P2183_Madre_SD_BE,alignment_lengths_P2185_Madre_SD_BE,alignment_lengths_P2186_Madre_SD_BE,alignment_lengths_P2187_Madre_SD_BE,alignment_lengths_P2799_SD_BE,alignment_lengths_P2800_SD_BE,alignment_lengths_P515_SD_Italy,alignment_lengths_P516_SD_Italy,alignment_lengths_P518_SD_Italy,alignment_lengths_P526_SD_Italy,alignment_lengths_P527_SD_Italy,alignment_lengths_P568_Madre_SD_BE,alignment_lengths_Reference,alignment_lengths_Type_strain,similarity_errors_P1190_Madre_SD_BE,similarity_errors_P1191_Madre_SD_BE,similarity_errors_P1194_Madre_SD_BE,similarity_errors_P2182_Madre_SD_BE,similarity_errors_P2183_Madre_SD_BE,similarity_errors_P2185_Madre_SD_BE,similarity_errors_P2186_Madre_SD_BE,similarity_errors_P2187_Madre_SD_BE,similarity_errors_P2799_SD_BE,similarity_errors_P2800_SD_BE,similarity_errors_P515_SD_Italy,similarity_errors_P516_SD_Italy,similarity_errors_P518_SD_Italy,similarity_errors_P526_SD_Italy,similarity_errors_P527_SD_Italy,similarity_errors_P568_Madre_SD_BE,similarity_errors_Reference,similarity_errors_Type_strain
P1190_Madre_SD_BE,1.0,0.992757351676698,0.9934638454861112,0.9997102886115444,0.9999170574534162,0.9988017781274589,0.9989085375494072,0.9989108575924468,0.9998605663304888,0.9998611137254902,0.9922743125533732,0.992628444252377,0.9928827216856893,0.9928481407471764,0.992252236503856,0.9926507178631052,0.9930237781484572,0.9926784177777778,1.0,0.8935925678392741,0.8846479642350452,0.9925450132594044,0.9993922231021736,0.9842256315482344,0.9808835081014332,0.984629161292107,0.9997903844240592,0.9874989540394732,0.897481459514765,0.8851829759624202,0.8790027006734281,0.8817387668306023,0.8947901098595036,0.9146718459085386,0.9179570252672086,0.8700168809716263,1.0,0.9001117607742299,0.8904682019929762,0.992832648184414,0.999475122114049,0.985406367010528,0.9819552754127076,0.9857027319387024,0.999929808306485,0.9876361231411874,0.9044691051260992,0.8917566095228291,0.8853036531656844,0.8880902633982295,0.9017768637259468,0.921443796341141,0.9244058858074736,0.8764337628285068,1.0,0.8935925678392741,0.8846479642350452,0.9925450132594044,0.9993922231021736,0.9842256315482344,0.9808835081014332,0.984629161292107,0.9997903844240592,0.9874989540394732,0.897481459514765,0.8851829759624202,0.8790027006734281,0.8817387668306023,0.8947901098595036,0.9146718459085386,0.9179570252672086,0.8700168809716263,1282203.0,1154126.0,1141761.0,1273013.0,1281530.0,1263491.0,1259066.0,1263871.0,1282113.0,1266350.0,1159713.0,1143413.0,1135139.0,1138712.0,1156261.0,1181478.0,1185276.0,1123766.0,0.0,7923.0,6940.0,175.0,33.0,1269.0,1193.0,1213.0,87.0,69.0,8607.0,7737.0,7625.0,7691.0,8603.0,8545.0,7986.0,7718.0
P1191_Madre_SD_BE,0.9924704603580564,1.0,0.9932090592334494,0.9924136936170213,0.9925137393526404,0.9927815807269654,0.9927509351305814,0.9927675777964676,0.992466859574468,0.992339052092229,0.9917195648464164,0.9923569130434784,0.9999176402640264,0.9922376835664336,0.9917526153846156,0.9915924935732648,0.9917006896551724,0.9941774131944446,0.9263043788845776,1.0,0.9077716348775734,0.9274850528244164,0.9269285224285654,0.9337350424383551,0.9362766108092604,0.9370766965876344,0.9272065463282476,0.924628798830288,0.9238927940794645,0.9125483181254304,0.973641195468606,0.9087367687212732,0.9221864447495824,0.9157068353177098,0.9339384415708796,0.9200688914937528,0.9333319387162335,1.0,0.9139784081089476,0.9345750253042544,0.933920091658527,0.9405241400174112,0.9431133003023636,0.9439034045285364,0.9342443401342372,0.9317670174128672,0.931606904641983,0.919576722982378,0.9737213909052728,0.9158458540447384,0.9298553192037166,0.9234709230380552,0.9417543532168184,0.9254574478185238,0.9263043788845776,1.0,0.9077716348775734,0.9274850528244164,0.9269285224285654,0.9337350424383551,0.9362766108092604,0.9370766965876344,0.9272065463282476,0.924628798830288,0.9238927940794645,0.9125483181254304,0.973641195468606,0.9087367687212732,0.9221864447495824,0.9157068353177098,0.9339384415708796,0.9200688914937528,1160014.0,1242874.0,1135960.0,1161559.0,1160745.0,1168953.0,1172171.0,1173153.0,1161148.0,1158069.0,1157870.0,1142918.0,1210213.0,1138281.0,1155693.0,1147758.0,1170482.0,1150227.0,8334.0,0.0,7442.0,8368.0,8321.0,8060.0,8064.0,8075.0,8341.0,8357.0,9029.0,8349.0,99.0,8392.0,8968.0,9251.0,9307.0,6277.0
P1194_Madre_SD_BE,0.9935432480818414,0.9934643474503028,1.0,0.9933951582549188,0.9935517802385008,0.993544115156647,0.9935380254237288,0.9933541399662732,0.9934952044293016,0.9934379127459368,0.9920427589208008,0.9923937976929902,0.9936487335092348,0.9923630168589176,0.9920215752828546,0.9921924656357388,0.9925551491901108,0.9935652046263344,0.8793273351555215,0.8697441568924935,1.0,0.8767069829230039,0.8800028304710374,0.8842959455459779,0.8847817214320384,0.8876472111143539,0.8802243202696954,0.8765565189743075,0.8622688175150414,0.8512573407974395,0.8626026257191218,0.8517758107037647,0.8614100764862878,0.8678085320521505,0.8762331657595187,0.8592507925883553,0.8850418306935024,0.8754658978197523,1.0,0.8825359934943723,0.8857141096962192,0.8900419539061489,0.8905363446504149,0.8935858576524295,0.8859874877557432,0.8823465540503077,0.8691851331620678,0.8577818027242317,0.8681162634532809,0.8583308690804025,0.8683380462170637,0.8746372927717301,0.8828055211586917,0.8648157046839288,0.8793273351555215,0.8697441568924935,1.0,0.8767069829230039,0.8800028304710374,0.8842959455459779,0.8847817214320384,0.8876472111143539,0.8802243202696954,0.8765565189743075,0.8622688175150414,0.8512573407974395,0.8626026257191218,0.8517758107037647,0.8614100764862878,0.8678085320521505,0.8762331657595187,0.8592507925883553,1149287.0,1136852.0,1298568.0,1146033.0,1150160.0,1155780.0,1156422.0,1160382.0,1150515.0,1145787.0,1128696.0,1113888.0,1127308.0,1114601.0,1127596.0,1135776.0,1146383.0,1123022.0,7183.0,7278.0,0.0,7245.0,7179.0,7145.0,7145.0,7405.0,7232.0,7167.0,8523.0,8164.0,7040.0,8241.0,8508.0,8921.0,8464.0,7012.0
P2182_Madre_SD_BE,0.9998743802925328,0.9925168456947996,0.993763905172414,1.0,0.9999425461538464,0.998892352024922,0.9988891893998444,0.9988849066874028,0.999944850115296,0.999924196290572,0.9919417413355875,0.9924708283002588,0.9927515337423312,0.9927267071057192,0.9919465000000002,0.9925886533665836,0.992915894039735,0.9922961012433392,0.9981546095790204,0.8961861829370115,0.8840737838716258,1.0,0.9987657395820216,0.9837840057727174,0.982529606954617,0.9847321097801366,0.9991493707989636,0.9945302077834643,0.9011682054259824,0.8864398838943472,0.8801087756643831,0.8843310211568205,0.8993671728281944,0.9136926314603688,0.916526467646173,0.8698499939048091,0.9982800132222518,0.9029430450720932,0.889621548206908,1.0,0.9988231258122268,0.9848749004619192,0.9836222249486388,0.9858314037858464,0.9992044768106552,0.9946056025775576,0.9084890451455504,0.8931646740816513,0.8865347931991363,0.890810144249141,0.906669031876411,0.9205148863644356,0.923065561894908,0.8766032566437517,0.9981546095790204,0.8961861829370115,0.8840737838716258,1.0,0.9987657395820216,0.9837840057727174,0.982529606954617,0.9847321097801366,0.9991493707989636,0.9945302077834643,0.9011682054259824,0.8864398838943472,0.8801087756643831,0.8843310211568205,0.8993671728281944,0.9136926314603688,0.916526467646173,0.8698499939048091,1277460.0,1155461.0,1138414.0,1279661.0,1278155.0,1260306.0,1258703.0,1261530.0,1278643.0,1272758.0,1162558.0,1142948.0,1134464.0,1139935.0,1160229.0,1177947.0,1181211.0,1121755.0,50.0,7992.0,6822.0,0.0,35.0,1250.0,1218.0,1220.0,32.0,41.0,8846.0,7827.0,7682.0,7856.0,8829.0,8637.0,8098.0,8070.0
P2183_Madre_SD_BE,0.9999840170940172,0.9920001110162254,0.9931318858131488,0.99978028125,1.0,0.9988761713836478,0.9988887124802528,0.9988870518867924,0.9998305973622964,0.9998297800471329,0.991325836873407,0.9923024568965516,0.9921172227074236,0.992703515151515,0.991440409556314,0.9923559682804676,0.9928310693400166,0.9921856838365896,0.9989421623704736,0.8964443991960355,0.8869767172195042,0.9917566715756132,1.0,0.9842105515180304,0.9804253945697298,0.9845492211339404,0.9996902492497328,0.9865154333191354,0.9003591357585266,0.8878091640529796,0.8812155651470854,0.8841145204144685,0.8972715545524297,0.9151124150452244,0.916065413301901,0.8698364812607181,0.9989581286243244,0.9036736883806388,0.8931107035127286,0.9919746270006894,1.0,0.9853178799477192,0.9815161412078846,0.985646194206072,0.9998596281080676,0.9866833865186836,0.9082373345561284,0.8946961260477202,0.8882171833911977,0.8906128636801767,0.905018139167813,0.9221614463919744,0.9226800425482802,0.8766871921566426,0.9989421623704736,0.8964443991960355,0.8869767172195042,0.9917566715756132,1.0,0.9842105515180304,0.9804253945697298,0.9845492211339404,0.9996902492497328,0.9865154333191354,0.9003591357585266,0.8878091640529796,0.8812155651470854,0.8841145204144685,0.8972715545524297,0.9151124150452244,0.916065413301901,0.8698364812607181,1280972.0,1158788.0,1145243.0,1272017.0,1282308.0,1263481.0,1258606.0,1263902.0,1282128.0,1265232.0,1164640.0,1147276.0,1138968.0,1142040.0,1160512.0,1182495.0,1183160.0,1124183.0,21.0,8551.0,7510.0,159.0,0.0,1232.0,1166.0,1195.0,87.0,70.0,9506.0,8029.0,8259.0,7883.0,9421.0,8872.0,8164.0,8296.0
P2185_Madre_SD_BE,0.9985306598586016,0.9927954184277262,0.9931046326707004,0.9985755933544306,0.998633809897879,1.0,0.9998066563706564,0.9999159800153729,0.9985330455259028,0.9985980634920636,0.9914294928148776,0.9917119758412424,0.9930905882352942,0.9918578892733564,0.9916197451146984,0.9921590531561464,0.9921809605911333,0.9926431083481352,0.9804162330284854,0.8994243956486326,0.8846707066797269,0.9724055037173482,0.9803829713736156,1.0,0.9947223737621874,0.9996714716992696,0.9807957172074,0.9694224967940664,0.894656211518758,0.8802868486017811,0.8829583205356512,0.877196175304316,0.8914053780451279,0.9122401902751556,0.9230513755868828,0.8643178455900179,0.9818589177495246,0.9059513963843994,0.89081319085244,0.973792580340191,0.981724193249446,1.0,0.9949147341877826,0.9997554711385856,0.9822366136023464,0.9707834735869892,0.9023901528071756,0.887643660706081,0.889101488822539,0.8843970338804862,0.898938713591288,0.9194495452853434,0.9303256283379358,0.8707236652540064,0.9804162330284854,0.8994243956486326,0.8846707066797269,0.9724055037173482,0.9803829713736156,1.0,0.9947223737621874,0.9996714716992696,0.9807957172074,0.9694224967940664,0.894656211518758,0.8802868486017811,0.8829583205356512,0.877196175304316,0.8914053780451279,0.9122401902751556,0.9230513755868828,0.8643178455900179,1260807.0,1163334.0,1143895.0,1250449.0,1260634.0,1284102.0,1277572.0,1283788.0,1261292.0,1246585.0,1158761.0,1139825.0,1141697.0,1135656.0,1154329.0,1180667.0,1194633.0,1118098.0,1353.0,8002.0,7171.0,1387.0,1343.0,0.0,86.0,51.0,1378.0,1328.0,9218.0,8425.0,7532.0,8277.0,9041.0,9059.0,9043.0,7788.0
P2186_Madre_SD_BE,0.99853853427896,0.9929264770797964,0.9928938712446352,0.9982863162055337,0.9983844767899293,0.999822967542504,1.0,0.9999204237288136,0.9985589535798584,0.9986309610802224,0.9913719250425892,0.9922430191972076,0.9932635888501744,0.99245323117338,0.9915824081981214,0.9926255657237936,0.9924795884773662,0.9926248890860692,0.97641778590754,0.9011291105780412,0.8915149427769754,0.9720308349023744,0.9771338775368376,0.9961344205618216,1.0,0.999614183707519,0.9774198105949132,0.9682744725231672,0.8930841785984566,0.8777164131028591,0.883597095963454,0.8755078613588905,0.8912538543283943,0.9152812132513054,0.927254783262389,0.8681272230668601,0.9778468755966506,0.9075486769456168,0.8978955038360978,0.9736994478668646,0.9787150143585788,0.99631079991116,1.0,0.999693735607327,0.9788303505675244,0.9696018952544604,0.9008568389306464,0.88457806819643,0.8895897381945986,0.8821653593930822,0.8988197521050806,0.9220810392727584,0.9342809605635888,0.8745773278626564,0.97641778590754,0.9011291105780412,0.8915149427769754,0.9720308349023744,0.9771338775368376,0.9961344205618216,1.0,0.999614183707519,0.9774198105949132,0.9682744725231672,0.8930841785984566,0.8777164131028591,0.883597095963454,0.8755078613588905,0.8912538543283943,0.9152812132513054,0.927254783262389,0.8681272230668601,1254778.0,1164571.0,1152184.0,1249456.0,1255892.0,1278471.0,1283205.0,1282812.0,1256040.0,1244198.0,1155984.0,1135095.0,1141526.0,1131999.0,1153370.0,1183219.0,1198874.0,1122262.0,1266.0,7852.0,7306.0,1368.0,1297.0,88.0,0.0,37.0,1286.0,1237.0,9224.0,7995.0,7302.0,7811.0,9049.0,8562.0,8691.0,7911.0
P2187_Madre_SD_BE,0.9986939034045924,0.992773675721562,0.9931394896193771,0.9985800318471338,0.9986466166007906,0.999882492260062,0.9998841071428572,1.0,0.998721721958926,0.998793373301359,0.9915649275362318,0.991897299651568,0.9930793570807994,0.9922036236933798,0.9916141538461538,0.9920507136929462,0.9922560461285008,0.9928869155555556,0.9754017702205752,0.8979421096898313,0.886941185768154,0.9689955763082398,0.9765851500980968,0.9952155662007196,0.9925333562085734,1.0,0.9774012061469076,0.965361102149636,0.8919862677853843,0.8768047304707292,0.8814382010826594,0.8765430248493038,0.889678206214628,0.9153629356686432,0.9230160832672318,0.8648694296252765,0.9766774052543894,0.9044781621926008,0.8930680886610158,0.970373475740177,0.977908635411206,0.9953325254762752,0.9926483970674478,1.0,0.9786521957585947,0.9665273398428568,0.8995742417006687,0.8839672522334033,0.8875808310764669,0.8834305821081958,0.8972020041906936,0.9226977240519996,0.9302196614155958,0.8710653913102996,0.9754017702205752,0.8979421096898313,0.886941185768154,0.9689955763082398,0.9765851500980968,0.9952155662007196,0.9925333562085734,1.0,0.9774012061469076,0.965361102149636,0.8919862677853843,0.8768047304707292,0.8814382010826594,0.8765430248493038,0.889678206214628,0.9153629356686432,0.9230160832672318,0.8648694296252765,1255720.0,1162893.0,1148223.0,1247615.0,1257303.0,1279705.0,1276254.0,1285706.0,1258259.0,1242670.0,1156588.0,1136522.0,1141168.0,1135832.0,1153538.0,1186318.0,1195989.0,1119934.0,1178.0,7967.0,7239.0,1249.0,1199.0,62.0,42.0,0.0,1209.0,1154.0,9244.0,8473.0,7504.0,8207.0,9157.0,9227.0,8961.0,7612.0
P2799_SD_BE,0.9998881089494164,0.992829103448276,0.993225625,0.9998719812059516,0.9998891757387248,0.9989151300236406,0.9990390901898734,0.9990120409771476,1.0,0.9999585467399844,0.9922938025751072,0.9928937260034902,0.9929358135444152,0.9930704283216782,0.9924265864144454,0.9926304606365158,0.992985855704698,0.9925169866666664,0.9980423473812066,0.8917354519076135,0.8852325726001831,0.9909029879114633,0.9990672768082252,0.9832309065291022,0.9798312649926418,0.9839199747829548,1.0,0.987200293051818,0.8959295867660241,0.8822304611916333,0.8777571672147623,0.8807293235326107,0.8942832752683825,0.9150688924042516,0.9162088702617742,0.8709058793438013,0.9981540318844784,0.8981761803823579,0.8912703723287274,0.9910298583587964,0.999178009973063,0.984298742682807,0.9807737000625462,0.9848930087174615,1.0,0.9872412174187016,0.9028874154418703,0.8885447033115124,0.8840019216161541,0.8868749873270039,0.9011077368446502,0.921862595086465,0.9226806857299724,0.8774720141251265,0.9980423473812066,0.8917354519076135,0.8852325726001831,0.9909029879114633,0.9990672768082252,0.9832309065291022,0.9798312649926418,0.9839199747829548,1.0,0.987200293051818,0.8959295867660241,0.8822304611916333,0.8777571672147623,0.8807293235326107,0.8942832752683825,0.9150688924042516,0.9162088702617742,0.8709058793438013,1279887.0,1151690.0,1142835.0,1270752.0,1281200.0,1262121.0,1257601.0,1262883.0,1282254.0,1265894.0,1157731.0,1139340.0,1133515.0,1137199.0,1155449.0,1182062.0,1183111.0,1125142.0,32.0,7928.0,7166.0,77.0,30.0,1174.0,1092.0,1126.0,0.0,40.0,8524.0,7634.0,7673.0,7527.0,8445.0,8567.0,8123.0,8048.0
P2800_SD_BE,0.999890847975554,0.9925497804054054,0.9934573783091376,0.9998457983193276,0.999891810542399,0.998754907120743,0.998854305663305,0.9988503944315544,0.9999288167938932,1.0,0.9920175232459848,0.9925685159620362,0.9927820590790616,0.992823894189072,0.9920134096692113,0.992771041322314,0.9930614720394736,0.992311550660793,0.9993651026973404,0.8959676007807617,0.8864640041093007,0.9993263353187128,0.9994333477007032,0.9848259816638189,0.983598488543618,0.9855070775367558,0.9999186457400984,1.0,0.897278602424834,0.8817613164152942,0.8811843218023641,0.8794953390136973,0.8953537981168048,0.9120099266017184,0.9164283245002668,0.8719169688784754,0.9994741973293606,0.902692860820346,0.8923019985196151,0.9994804568849636,0.9995414875520912,0.9860537101168504,0.984726684329046,0.9866413258990678,0.9999898282221452,1.0,0.9044987426117684,0.8883631731565218,0.8875909004840201,0.8858523089153285,0.9025621925971364,0.9186508153853618,0.9228314160836152,0.8786725986388596,0.9993651026973404,0.8959676007807617,0.8864640041093007,0.9993263353187128,0.9994333477007032,0.9848259816638189,0.983598488543618,0.9855070775367558,0.9999186457400984,1.0,0.897278602424834,0.8817613164152942,0.8811843218023641,0.8794953390136973,0.8953537981168048,0.9120099266017184,0.9164283245002668,0.8719169688784754,1277374.0,1153683.0,1140403.0,1277382.0,1277460.0,1260222.0,1258526.0,1260973.0,1278033.0,1278046.0,1155991.0,1135369.0,1134382.0,1132160.0,1153516.0,1174078.0,1179421.0,1122984.0,31.0,7944.0,6773.0,98.0,29.0,1335.0,1292.0,1284.0,63.0,0.0,8635.0,7574.0,7641.0,7599.0,8628.0,8047.0,7842.0,8067.0
P515_SD_Italy,0.9921278746824724,0.9917730638297872,0.99204103930131,0.992104456706282,0.992118150975403,0.991976593220339,0.992095593220339,0.9918425253378378,0.9921293898305088,0.9923111489361702,1.0,0.9993581129032256,0.9920051951431048,0.9996318108326598,0.9999447644787646,0.994086357615894,0.9935940275526745,0.9919850570676032,0.8724430662399375,0.86832618306034,0.8476039939191591,0.8704321307843407,0.87151311733097,0.8702839966850762,0.8708018942749826,0.8728796265043677,0.8719432421947934,0.8691299592164015,1.0,0.9295512577991992,0.8569548309044294,0.9285838527401346,0.9681971905463242,0.8933128483693697,0.9117511790199916,0.8499522254535268,0.8793655419863697,0.8755291051233535,0.854404163073861,0.8773593595921493,0.8784368237534411,0.8773231169294008,0.8777399075510077,0.8800586829114335,0.8788604098743135,0.8758643497537764,1.0,0.9301483079961884,0.86386123288478,0.9289258731839029,0.9682506723768995,0.8986270071262136,0.9176294882385008,0.8568195855349493,0.8724430662399375,0.86832618306034,0.8476039939191591,0.8704321307843407,0.87151311733097,0.8702839966850762,0.8708018942749826,0.8728796265043677,0.8719432421947934,0.8691299592164015,1.0,0.9295512577991992,0.8569548309044294,0.9285838527401346,0.9681971905463242,0.8933128483693697,0.9117511790199916,0.8499522254535268,1164637.0,1159556.0,1131578.0,1161980.0,1163407.0,1161932.0,1162484.0,1165555.0,1163968.0,1160000.0,1324406.0,1231894.0,1144103.0,1230275.0,1282357.0,1190147.0,1215314.0,1134777.0,8898.0,9310.0,8859.0,8893.0,8897.0,9057.0,8940.0,9250.0,8890.0,8618.0,0.0,495.0,8981.0,234.0,73.0,7021.0,7649.0,8802.0
P516_SD_Italy,0.9927482352941176,0.9918950337837836,0.9919593842150912,0.9928009427609428,0.9927447350714887,0.992601776094276,0.9927117383966244,0.9924708487394958,0.992674411764706,0.993083459915612,0.9996493867924529,1.0,0.9916986581196582,0.9998723501577288,0.999707641509434,0.9947256069364164,0.9942693639291466,0.9922932179930796,0.919027895207093,0.9150927863274322,0.8915837559507069,0.9174887181165512,0.9186457559204813,0.9167431441622654,0.916129028404544,0.918234283054006,0.9190032391955196,0.9164323430545244,0.9966427047644169,1.0,0.908638994644754,0.9914047203693188,0.9962328376086446,0.937947681037303,0.9620747463137762,0.9003206006494395,0.9257411522215564,0.9225701865212754,0.8988107478374142,0.9241416668733702,0.9253594841319692,0.923575965952326,0.9228550373386613,0.9252002557256216,0.925785160072557,0.922815030201388,0.996992263419794,1.0,0.9162450581183684,0.99153128918199,0.9965241799136966,0.9429210171094524,0.9676198233764904,0.9073130646507336,0.919027895207093,0.9150927863274322,0.8915837559507069,0.9174887181165512,0.9186457559204813,0.9167431441622654,0.916129028404544,0.918234283054006,0.9190032391955196,0.9164323430545244,0.9966427047644169,1.0,0.908638994644754,0.9914047203693188,0.9962328376086446,0.937947681037303,0.9620747463137762,0.9003206006494395,1156970.0,1153007.0,1123313.0,1154971.0,1156493.0,1154264.0,1153363.0,1156294.0,1157025.0,1153313.0,1246018.0,1249777.0,1145102.0,1239193.0,1245433.0,1178441.0,1209309.0,1133939.0,7975.0,8893.0,8600.0,7879.0,7976.0,8142.0,8011.0,8308.0,8030.0,7612.0,225.0,0.0,8957.0,153.0,149.0,5980.0,6735.0,8249.0
P518_SD_Italy,0.9928582964224872,0.9997830337078654,0.9929910344827586,0.9927300596760444,0.9928527938671212,0.993334733276884,0.99332114213198,0.993335789029536,0.9927694042553192,0.99278673486786,0.9916813570822732,0.991903982832618,1.0,0.9919491472868218,0.9917100510638298,0.9917516595380668,0.9918767002518892,0.9945938103448276,0.9291507977303028,0.9972764660304032,0.917669312220909,0.928409984558678,0.9292865001353816,0.934333689948325,0.9357179412187558,0.9364768351313584,0.9294771787503376,0.9277733450508494,0.931681332503316,0.925875229252461,1.0,0.9243944981041232,0.9293246499546014,0.9199790779599823,0.9398555993428038,0.9315753223057252,0.9358342485309956,0.9974928883638222,0.9241466240416922,0.9352088974334516,0.9359761143601648,0.9406030602253058,0.9420094887041373,0.9427595838928472,0.9362468008847862,0.9345142440630374,0.9394966698219585,0.9334323132854088,1.0,0.9318970641111248,0.937093103934657,0.9276304900649076,0.9475528552128762,0.9366389702171444,0.9291507977303028,0.9972764660304032,0.917669312220909,0.928409984558678,0.9292865001353816,0.934333689948325,0.9357179412187558,0.9364768351313584,0.9294771787503376,0.9277733450508494,0.931681332503316,0.925875229252461,1.0,0.9243944981041232,0.9293246499546014,0.9199790779599823,0.9398555993428038,0.9315753223057252,1147811.0,1223436.0,1133476.0,1147044.0,1147985.0,1153660.0,1155385.0,1156305.0,1148317.0,1146192.0,1152303.0,1144865.0,1226511.0,1142982.0,1149355.0,1137749.0,1162184.0,1148798.0,7910.0,142.0,7632.0,7941.0,7912.0,7400.0,7413.0,7421.0,7930.0,7908.0,9199.0,8973.0,0.0,8929.0,9138.0,9156.0,9255.0,5922.0
P526_SD_Italy,0.9924419131161236,0.9918985281749368,0.9918083823529412,0.9925014464882944,0.992434469507101,0.9923077257525084,0.9924254568315174,0.9923327591973244,0.9923594574290484,0.99278269295302,0.9996476443057722,0.9996094113029828,0.9920496324786324,1.0,0.9997095397815912,0.9940755838815792,0.993865702811245,0.9925683753258036,0.9213387315141208,0.9165704696885656,0.890723660119913,0.9204799977170648,0.9215949852588664,0.9196322050138592,0.918451662890062,0.9200374293637714,0.9219644295210332,0.9186030665508886,0.9969521647812446,0.9917372514632932,0.9093586247079452,1.0,0.9967240474920992,0.9370873351481788,0.9588763236381974,0.8995106803571139,0.9283553216945974,0.9240566889186008,0.8980803913017781,0.9274344143013004,0.9286204919067176,0.9267611056000434,0.9254616118195628,0.9271460816308926,0.9290629747305568,0.9252811043860112,0.9973035703731392,0.9921247641822136,0.9166462996774828,1.0,0.997013640291815,0.9426721170327134,0.9647946608137532,0.9062455572008888,0.9213387315141208,0.9165704696885656,0.890723660119913,0.9204799977170648,0.9215949852588664,0.9196322050138592,0.918451662890062,0.9200374293637714,0.9219644295210332,0.9186030665508886,0.9969521647812446,0.9917372514632932,0.9093586247079452,1.0,0.9967240474920992,0.9370873351481788,0.9588763236381974,0.8995106803571139,1162325.0,1156943.0,1124420.0,1161172.0,1162657.0,1160329.0,1158702.0,1160811.0,1163211.0,1158476.0,1248650.0,1242166.0,1147665.0,1252026.0,1248287.0,1180250.0,1207948.0,1134643.0,8541.0,9212.0,8915.0,8411.0,8550.0,8732.0,8594.0,8698.0,8610.0,8088.0,249.0,436.0,9035.0,0.0,183.0,6920.0,7336.0,8281.0
P527_SD_Italy,0.9920817781541068,0.9918778880407124,0.9919000782608696,0.992223358778626,0.9920739881456392,0.9920481371718884,0.992133649449619,0.9919503375527426,0.9920848223350254,0.9924343962585036,0.9999196,0.999405961383749,0.99202607266436,0.9996827733118973,1.0,0.9941349048800662,0.9935076618122978,0.9919834702797204,0.8960752063107008,0.8931154851333337,0.8712262924382718,0.8947381450930436,0.8963301401006729,0.8941717846188999,0.8947235166085256,0.896636752128636,0.896729805859913,0.8937429890740237,0.9969071951570864,0.9572027285296972,0.8805971484681552,0.9570757644991574,1.0,0.9167766178174837,0.9376768108943758,0.8746316466978103,0.9032271593355556,0.9004288692205173,0.878340784049358,0.9017507370461612,0.9034912222384456,0.9013391095798916,0.9018175294274806,0.9039129462274732,0.903884209970394,0.900556240738382,0.9969873529402627,0.957771681894294,0.8876754076665228,0.9573794708179426,1.0,0.9221853224518708,0.9438043076426016,0.8816998195052393,0.8960752063107008,0.8931154851333337,0.8712262924382718,0.8947381450930436,0.8963301401006729,0.8941717846188999,0.8947235166085256,0.896636752128636,0.896729805859913,0.8937429890740237,0.9969071951570864,0.9572027285296972,0.8805971484681552,0.9570757644991574,1.0,0.9167766178174837,0.9376768108943758,0.8746316466978103,1162970.0,1159367.0,1130927.0,1161069.0,1163310.0,1160539.0,1161155.0,1163853.0,1163816.0,1159531.0,1283693.0,1233200.0,1142946.0,1232695.0,1287572.0,1187380.0,1215216.0,1135252.0,8958.0,9201.0,8964.0,8761.0,8965.0,9016.0,8939.0,9159.0,8958.0,8480.0,90.0,443.0,8973.0,172.0,0.0,6958.0,7800.0,8831.0
P568_Madre_SD_BE,0.9929199238578682,0.991396643717728,0.9924249554367204,0.99284448392555,0.992928265993266,0.9926452217573222,0.9927830168067228,0.9926778631051754,0.992932617845118,0.993267442455243,0.9934223853989812,0.9952711072664362,0.9919931332744923,0.9952010503472224,0.9936375698560542,1.0,0.9970001194267516,0.9918615195632394,0.8414879786758802,0.8246763521969495,0.8007003248030043,0.840817661374079,0.8458206617913768,0.8498671891587872,0.848290506944387,0.8529625785983409,0.8458653634468734,0.8363241401768242,0.840441519964045,0.8245878824818744,0.8059084931174806,0.8226241971251178,0.8421393208061468,1.0,0.9043284600115614,0.7826010872260195,0.847488260086858,0.8318329070637368,0.8068119613645278,0.8468775069884249,0.8518446807889677,0.8561640861517785,0.8544571095433375,0.8592541551497946,0.851885967128955,0.8419929058678567,0.8460062228480029,0.8285057975275177,0.8124133787672896,0.826590965552244,0.8475316819271894,1.0,0.9070495001861444,0.7890225316641314,0.8414879786758802,0.8246763521969495,0.8007003248030043,0.840817661374079,0.8458206617913768,0.8498671891587872,0.848290506944387,0.8529625785983409,0.8458653634468734,0.8363241401768242,0.840441519964045,0.8245878824818744,0.8059084931174806,0.8226241971251178,0.8421393208061468,1.0,0.9043284600115614,0.7826010872260195,1190571.0,1168578.0,1133428.0,1189713.0,1196691.0,1202759.0,1200361.0,1207100.0,1196749.0,1182851.0,1188489.0,1163904.0,1141297.0,1161214.0,1190632.0,1404823.0,1274244.0,1108437.0,8324.0,9720.0,8493.0,8376.0,8353.0,8750.0,8595.0,8750.0,8349.0,7883.0,7522.0,5366.0,8917.0,5448.0,7269.0,0.0,3781.0,8801.0
Reference,0.992501840542833,0.9914162874251496,0.9923802745792738,0.9925529752770672,0.9925280405405406,0.9927210058675608,0.9928641575859178,0.992732449832776,0.9925297637130802,0.9926354390451834,0.9927098417985012,0.9942430626057528,0.991624969644406,0.9941458445945948,0.9927649462365592,0.9966972996794872,1.0,0.9923299191374664,0.8701215756480676,0.8604923694437943,0.8324731383547436,0.8657099904466936,0.873293130867632,0.8802296417165482,0.8811080525995523,0.8826836005117478,0.8739474126531752,0.8650408202710091,0.8848942466594923,0.8707143820882569,0.8477838343934659,0.8715475248423632,0.8896575238435273,0.9278368889069568,1.0,0.8208956788008972,0.8766951758720856,0.8679425387277189,0.8388650597752723,0.8722053250659332,0.879867464895025,0.8866838079519593,0.8874406895117526,0.889145510112452,0.8805251435319327,0.8714587312166614,0.8913926400249257,0.8757560548687693,0.8549440164838517,0.8766797443063034,0.8961411532670461,0.9309114103201904,1.0,0.8272406817224861,0.8701215756480676,0.8604923694437943,0.8324731383547436,0.8657099904466936,0.873293130867632,0.8802296417165482,0.8811080525995523,0.8826836005117478,0.8739474126531752,0.8650408202710091,0.8848942466594923,0.8707143820882569,0.8477838343934659,0.8715475248423632,0.8896575238435273,0.9278368889069568,1.0,0.8208956788008972,1193048.0,1181137.0,1141567.0,1186938.0,1197365.0,1206641.0,1207671.0,1209991.0,1198260.0,1185922.0,1213049.0,1191770.0,1163448.0,1193027.0,1219511.0,1266828.0,1360847.0,1125748.0,8852.0,9916.0,8653.0,8746.0,8856.0,8709.0,8574.0,8725.0,8861.0,8642.0,8591.0,6727.0,9526.0,6861.0,8583.0,4137.0,0.0,8503.0
Type_strain,0.9913012802768169,0.9943220819112628,0.992842666083916,0.991303316017316,0.9913003200692044,0.9913337781629116,0.9913529437229436,0.9913160380622836,0.9913095332757128,0.9915227059843886,0.9922102792321118,0.9928930958663148,0.9944252099400172,0.9927277308707124,0.9921996945898778,0.9907687774846086,0.9915058742463392,1.0,0.9212114573084416,0.9379847466181872,0.9141256317352644,0.920038355695166,0.9212105649921783,0.919698022760045,0.9193568490638347,0.920042919947144,0.9214839043546236,0.9187640522062716,0.917529127640245,0.9107889426242232,0.9342827623086788,0.9115165395117338,0.9165180811301306,0.9060893903517316,0.9254963888201124,1.0,0.929295135229924,0.943340959314928,0.920715500010554,0.9281098336193752,0.929295135229924,0.927738006127847,0.9273759208413368,0.9281025269656116,0.9295622340175068,0.9266192762515892,0.9247325358797291,0.9173081638054352,0.9395203912469536,0.918193892611674,0.9237234058099264,0.9145316353752454,0.9334250183072268,1.0,0.9212114573084416,0.9379847466181872,0.9141256317352644,0.920038355695166,0.9212105649921783,0.919698022760045,0.9193568490638347,0.920042919947144,0.9214839043546236,0.9187640522062716,0.917529127640245,0.9107889426242232,0.9342827623086788,0.9115165395117338,0.9165180811301306,0.9060893903517316,0.9254963888201124,1.0,1144663.0,1161964.0,1134095.0,1143203.0,1144663.0,1142745.0,1142299.0,1143194.0,1144992.0,1141367.0,1139043.0,1129898.0,1157258.0,1130989.0,1137800.0,1126478.0,1149750.0,1231754.0,9342.0,6465.0,7655.0,9325.0,9341.0,9274.0,9267.0,9315.0,9339.0,9058.0,8613.0,7854.0,6296.0,8027.0,8576.0,9910.0,9150.0,0.0
