key,P1190_Madre_SD_BE,P1191_Madre_SD_BE,P1194_Madre_SD_BE,P2182_Madre_SD_BE,P2183_Madre_SD_BE,P2185_Madre_SD_BE,P2186_Madre_SD_BE,P2187_Madre_SD_BE,P2799_SD_BE,P2800_SD_BE,P515_SD_Italy,P516_SD_Italy,P518_SD_Italy,P526_SD_Italy,P527_SD_Italy,P568_Madre_SD_BE,Reference,Type_strain
P1190_Madre_SD_BE,1.0,0.8935925678392741,0.8846479642350452,0.9925450132594044,0.9993922231021736,0.9842256315482344,0.9808835081014332,0.984629161292107,0.9997903844240592,0.9874989540394732,0.897481459514765,0.8851829759624202,0.8790027006734281,0.8817387668306023,0.8947901098595036,0.9146718459085386,0.9179570252672086,0.8700168809716263
P1191_Madre_SD_BE,0.9263043788845776,1.0,0.9077716348775734,0.9274850528244164,0.9269285224285654,0.9337350424383551,0.9362766108092604,0.9370766965876344,0.9272065463282476,0.924628798830288,0.9238927940794645,0.9125483181254304,0.973641195468606,0.9087367687212732,0.9221864447495824,0.9157068353177098,0.9339384415708796,0.9200688914937528
P1194_Madre_SD_BE,0.8793273351555215,0.8697441568924935,1.0,0.8767069829230039,0.8800028304710374,0.8842959455459779,0.8847817214320384,0.8876472111143539,0.8802243202696954,0.8765565189743075,0.8622688175150414,0.8512573407974395,0.8626026257191218,0.8517758107037647,0.8614100764862878,0.8678085320521505,0.8762331657595187,0.8592507925883553
P2182_Madre_SD_BE,0.9981546095790204,0.8961861829370115,0.8840737838716258,1.0,0.9987657395820216,0.9837840057727174,0.982529606954617,0.9847321097801366,0.9991493707989636,0.9945302077834643,0.9011682054259824,0.8864398838943472,0.8801087756643831,0.8843310211568205,0.8993671728281944,0.9136926314603688,0.916526467646173,0.8698499939048091
P2183_Madre_SD_BE,0.9989421623704736,0.8964443991960355,0.8869767172195042,0.9917566715756132,1.0,0.9842105515180304,0.9804253945697298,0.9845492211339404,0.9996902492497328,0.9865154333191354,0.9003591357585266,0.8878091640529796,0.8812155651470854,0.8841145204144685,0.8972715545524297,0.9151124150452244,0.916065413301901,0.8698364812607181
P2185_Madre_SD_BE,0.9804162330284854,0.8994243956486326,0.8846707066797269,0.9724055037173482,0.9803829713736156,1.0,0.9947223737621874,0.9996714716992696,0.9807957172074,0.9694224967940664,0.894656211518758,0.8802868486017811,0.8829583205356512,0.877196175304316,0.8914053780451279,0.9122401902751556,0.9230513755868828,0.8643178455900179
P2186_Madre_SD_BE,0.97641778590754,0.9011291105780412,0.8915149427769754,0.9720308349023744,0.9771338775368376,0.9961344205618216,1.0,0.999614183707519,0.9774198105949132,0.9682744725231672,0.8930841785984566,0.8777164131028591,0.883597095963454,0.8755078613588905,0.8912538543283943,0.9152812132513054,0.927254783262389,0.8681272230668601
P2187_Madre_SD_BE,0.9754017702205752,0.8979421096898313,0.886941185768154,0.9689955763082398,0.9765851500980968,0.9952155662007196,0.9925333562085734,1.0,0.9774012061469076,0.965361102149636,0.8919862677853843,0.8768047304707292,0.8814382010826594,0.8765430248493038,0.889678206214628,0.9153629356686432,0.9230160832672318,0.8648694296252765
P2799_SD_BE,0.9980423473812066,0.8917354519076135,0.8852325726001831,0.9909029879114633,0.9990672768082252,0.9832309065291022,0.9798312649926418,0.9839199747829548,1.0,0.987200293051818,0.8959295867660241,0.8822304611916333,0.8777571672147623,0.8807293235326107,0.8942832752683825,0.9150688924042516,0.9162088702617742,0.8709058793438013
P2800_SD_BE,0.9993651026973404,0.8959676007807617,0.8864640041093007,0.9993263353187128,0.9994333477007032,0.9848259816638189,0.983598488543618,0.9855070775367558,0.9999186457400984,1.0,0.897278602424834,0.8817613164152942,0.8811843218023641,0.8794953390136973,0.8953537981168048,0.9120099266017184,0.9164283245002668,0.8719169688784754
P515_SD_Italy,0.8724430662399375,0.86832618306034,0.8476039939191591,0.8704321307843407,0.87151311733097,0.8702839966850762,0.8708018942749826,0.8728796265043677,0.8719432421947934,0.8691299592164015,1.0,0.9295512577991992,0.8569548309044294,0.9285838527401346,0.9681971905463242,0.8933128483693697,0.9117511790199916,0.8499522254535268
P516_SD_Italy,0.919027895207093,0.9150927863274322,0.8915837559507069,0.9174887181165512,0.9186457559204813,0.9167431441622654,0.916129028404544,0.918234283054006,0.9190032391955196,0.9164323430545244,0.9966427047644169,1.0,0.908638994644754,0.9914047203693188,0.9962328376086446,0.937947681037303,0.9620747463137762,0.9003206006494395
P518_SD_Italy,0.9291507977303028,0.9972764660304032,0.917669312220909,0.928409984558678,0.9292865001353816,0.934333689948325,0.9357179412187558,0.9364768351313584,0.9294771787503376,0.9277733450508494,0.931681332503316,0.925875229252461,1.0,0.9243944981041232,0.9293246499546014,0.9199790779599823,0.9398555993428038,0.9315753223057252
P526_SD_Italy,0.9213387315141208,0.9165704696885656,0.890723660119913,0.9204799977170648,0.9215949852588664,0.9196322050138592,0.918451662890062,0.9200374293637714,0.9219644295210332,0.9186030665508886,0.9969521647812446,0.9917372514632932,0.9093586247079452,1.0,0.9967240474920992,0.9370873351481788,0.9588763236381974,0.8995106803571139
P527_SD_Italy,0.8960752063107008,0.8931154851333337,0.8712262924382718,0.8947381450930436,0.8963301401006729,0.8941717846188999,0.8947235166085256,0.896636752128636,0.896729805859913,0.8937429890740237,0.9969071951570864,0.9572027285296972,0.8805971484681552,0.9570757644991574,1.0,0.9167766178174837,0.9376768108943758,0.8746316466978103
P568_Madre_SD_BE,0.8414879786758802,0.8246763521969495,0.8007003248030043,0.840817661374079,0.8458206617913768,0.8498671891587872,0.848290506944387,0.8529625785983409,0.8458653634468734,0.8363241401768242,0.840441519964045,0.8245878824818744,0.8059084931174806,0.8226241971251178,0.8421393208061468,1.0,0.9043284600115614,0.7826010872260195
Reference,0.8701215756480676,0.8604923694437943,0.8324731383547436,0.8657099904466936,0.873293130867632,0.8802296417165482,0.8811080525995523,0.8826836005117478,0.8739474126531752,0.8650408202710091,0.8848942466594923,0.8707143820882569,0.8477838343934659,0.8715475248423632,0.8896575238435273,0.9278368889069568,1.0,0.8208956788008972
Type_strain,0.9212114573084416,0.9379847466181872,0.9141256317352644,0.920038355695166,0.9212105649921783,0.919698022760045,0.9193568490638347,0.920042919947144,0.9214839043546236,0.9187640522062716,0.917529127640245,0.9107889426242232,0.9342827623086788,0.9115165395117338,0.9165180811301306,0.9060893903517316,0.9254963888201124,1.0
