query,genome,gene_cluster,gene_callers_id,subject,%pident,alignment_length,e-value,bitscore,function
00000000|gene_cluster_GC_00001576|genome_name_P568_Madre_SD_BE|gene_callers_id_1411,P568_Madre_SD_BE,GC_00001576,1411,sp|O32090|PNCB_BACSU,42.266,459.0,3.4900000000000004e-122,369.0,sp|O32090|PNCB_BACSU Nicotinate phosphoribosyltransferase OS=Bacillus subtilis (strain 168) OX=224308 GN=pncB PE=3 SV=1
00000001|gene_cluster_GC_00001570|genome_name_P1194_Madre_SD_BE|gene_callers_id_1027,P1194_Madre_SD_BE,GC_00001570,1027,sp|O27818|RMLC_METTH,46.703,182.0,2.4900000000000004e-56,179.0,"sp|O27818|RMLC_METTH dTDP-4-dehydrorhamnose 3,5-epimerase OS=Methanothermobacter thermautotrophicus (strain ATCC 29096 / DSM 1053 / JCM 10044 / NBRC 100330 / Delta H) OX=187420 GN=rmlC PE=1 SV=1"
00000002|gene_cluster_GC_00001557|genome_name_P1194_Madre_SD_BE|gene_callers_id_1233,P1194_Madre_SD_BE,GC_00001557,1233,sp|Q53WG9|CAS6_THET8,24.324,222.0,1.98e-10,61.6,sp|Q53WG9|CAS6_THET8 CRISPR-associated endoribonuclease Cse3 OS=Thermus thermophilus (strain ATCC 27634 / DSM 579 / HB8) OX=300852 GN=cse3 PE=1 SV=1
00000003|gene_cluster_GC_00001522|genome_name_P568_Madre_SD_BE|gene_callers_id_891,P568_Madre_SD_BE,GC_00001522,891,Unknown,0.0,0.0,-,0.0,Unknown - no BLAST hit found
00000004|gene_cluster_GC_00001394|genome_name_P568_Madre_SD_BE|gene_callers_id_1423,P568_Madre_SD_BE,GC_00001394,1423,Unknown,0.0,0.0,-,0.0,Unknown - no BLAST hit found
00000005|gene_cluster_GC_00001582|genome_name_P1194_Madre_SD_BE|gene_callers_id_1030,P1194_Madre_SD_BE,GC_00001582,1030,sp|P39631|SPSK_BACSU,37.367,281.0,5.2100000000000004e-64,205.0,sp|P39631|SPSK_BACSU Spore coat polysaccharide biosynthesis protein SpsK OS=Bacillus subtilis (strain 168) OX=224308 GN=spsK PE=3 SV=3
00000006|gene_cluster_GC_00001496|genome_name_P1194_Madre_SD_BE|gene_callers_id_1245,P1194_Madre_SD_BE,GC_00001496,1245,sp|P54168|YPGQ_BACSU,33.333,192.0,2.7699999999999996e-23,95.1,sp|P54168|YPGQ_BACSU Uncharacterized protein YpgQ OS=Bacillus subtilis (strain 168) OX=224308 GN=ypgQ PE=4 SV=1
00000007|gene_cluster_GC_00001396|genome_name_P1194_Madre_SD_BE|gene_callers_id_586,P1194_Madre_SD_BE,GC_00001396,586,Unknown,0.0,0.0,-,0.0,Unknown - no BLAST hit found
00000008|gene_cluster_GC_00001519|genome_name_P515_SD_Italy|gene_callers_id_1146,P515_SD_Italy,GC_00001519,1146,Unknown,0.0,0.0,-,0.0,Unknown - no BLAST hit found
00000009|gene_cluster_GC_00001494|genome_name_Reference|gene_callers_id_169,Reference,GC_00001494,169,Unknown,0.0,0.0,-,0.0,Unknown - no BLAST hit found
00000010|gene_cluster_GC_00001551|genome_name_P568_Madre_SD_BE|gene_callers_id_1419,P568_Madre_SD_BE,GC_00001551,1419,sp|Q5HKG6|BUTA_STAEQ,50.195,257.0,1.38e-81,248.0,sp|Q5HKG6|BUTA_STAEQ Diacetyl reductase [(S)-acetoin forming] OS=Staphylococcus epidermidis (strain ATCC 35984 / DSM 28319 / BCRC 17069 / CCUG 31568 / BM 3577 / RP62A) OX=176279 GN=butA PE=3 SV=1
00000011|gene_cluster_GC_00001454|genome_name_Type_strain|gene_callers_id_1082,Type_strain,GC_00001454,1082,sp|Q06126|TNPA_BORPP,24.332,374.0,2.42e-14,78.2,sp|Q06126|TNPA_BORPP Transposase for insertion sequence element IS1001 OS=Bordetella parapertussis OX=519 GN=tnpA PE=3 SV=1
00000012|gene_cluster_GC_00001473|genome_name_P1194_Madre_SD_BE|gene_callers_id_1025,P1194_Madre_SD_BE,GC_00001473,1025,sp|A0A0H2URH7|GLYAT_STRPN,36.17,188.0,7.84e-27,114.0,sp|A0A0H2URH7|GLYAT_STRPN Glycosyltransferase GlyA OS=Streptococcus pneumoniae serotype 4 (strain ATCC BAA-334 / TIGR4) OX=170187 GN=glyA PE=3 SV=1
00000013|gene_cluster_GC_00001429|genome_name_Type_strain|gene_callers_id_907,Type_strain,GC_00001429,907,sp|P0AC68|NRDH_SHIFL,37.333,75.0,6.76e-16,68.6,sp|P0AC68|NRDH_SHIFL Glutaredoxin-like protein NrdH OS=Shigella flexneri OX=623 GN=nrdH PE=3 SV=1
00000014|gene_cluster_GC_00001445|genome_name_P1191_Madre_SD_BE|gene_callers_id_1260,P1191_Madre_SD_BE,GC_00001445,1260,sp|C0SPA8|YOBH_BACSU,42.424,66.0,1.69e-06,47.0,sp|C0SPA8|YOBH_BACSU DNA repair protein homolog YobH OS=Bacillus subtilis (strain 168) OX=224308 GN=yobH PE=5 SV=1
00000015|gene_cluster_GC_00001521|genome_name_P568_Madre_SD_BE|gene_callers_id_895,P568_Madre_SD_BE,GC_00001521,895,Unknown,0.0,0.0,-,0.0,Unknown - no BLAST hit found
00000016|gene_cluster_GC_00001460|genome_name_P515_SD_Italy|gene_callers_id_1129,P515_SD_Italy,GC_00001460,1129,Unknown,0.0,0.0,-,0.0,Unknown - no BLAST hit found
00000017|gene_cluster_GC_00001517|genome_name_P1194_Madre_SD_BE|gene_callers_id_1346,P1194_Madre_SD_BE,GC_00001517,1346,Unknown,0.0,0.0,-,0.0,Unknown - no BLAST hit found
00000018|gene_cluster_GC_00001405|genome_name_P1194_Madre_SD_BE|gene_callers_id_1153,P1194_Madre_SD_BE,GC_00001405,1153,Unknown,0.0,0.0,-,0.0,Unknown - no BLAST hit found
00000019|gene_cluster_GC_00001507|genome_name_Type_strain|gene_callers_id_783,Type_strain,GC_00001507,783,Unknown,0.0,0.0,-,0.0,Unknown - no BLAST hit found
00000020|gene_cluster_GC_00001398|genome_name_P1194_Madre_SD_BE|gene_callers_id_1228,P1194_Madre_SD_BE,GC_00001398,1228,Unknown,0.0,0.0,-,0.0,Unknown - no BLAST hit found
00000021|gene_cluster_GC_00001552|genome_name_P515_SD_Italy|gene_callers_id_259,P515_SD_Italy,GC_00001552,259,Unknown,0.0,0.0,-,0.0,Unknown - no BLAST hit found
00000022|gene_cluster_GC_00001470|genome_name_P568_Madre_SD_BE|gene_callers_id_890,P568_Madre_SD_BE,GC_00001470,890,sp|M5AAG8|POL_BPNNR,31.475,305.0,1.1799999999999999e-30,132.0,sp|M5AAG8|POL_BPNNR DNA Primase-polymerase OS=Nitratiruptor phage NrS-1 OX=1230469 GN=28 PE=1 SV=1
00000023|gene_cluster_GC_00001462|genome_name_P568_Madre_SD_BE|gene_callers_id_886,P568_Madre_SD_BE,GC_00001462,886,Unknown,0.0,0.0,-,0.0,Unknown - no BLAST hit found
00000024|gene_cluster_GC_00001430|genome_name_P515_SD_Italy|gene_callers_id_262,P515_SD_Italy,GC_00001430,262,sp|P57134|DNAC_BUCAI,26.316,247.0,4.71e-12,67.8,sp|P57134|DNAC_BUCAI Replicative helicase loader DnaC OS=Buchnera aphidicola subsp. Acyrthosiphon pisum (strain APS) OX=107806 GN=dnaC PE=3 SV=1
00000025|gene_cluster_GC_00001503|genome_name_P568_Madre_SD_BE|gene_callers_id_1424,P568_Madre_SD_BE,GC_00001503,1424,sp|Q9K5N0|SOJ_HALH5,30.357,224.0,1.43e-20,91.7,sp|Q9K5N0|SOJ_HALH5 Sporulation initiation inhibitor protein Soj OS=Halalkalibacterium halodurans (strain ATCC BAA-125 / DSM 18197 / FERM 7344 / JCM 9153 / C-125) OX=272558 GN=soj PE=3 SV=1
00000026|gene_cluster_GC_00001403|genome_name_P568_Madre_SD_BE|gene_callers_id_880,P568_Madre_SD_BE,GC_00001403,880,sp|P39786|XTMB_BACSU,31.517,422.0,1.04e-50,179.0,sp|P39786|XTMB_BACSU PBSX phage terminase large subunit OS=Bacillus subtilis (strain 168) OX=224308 GN=xtmB PE=4 SV=2
00000027|gene_cluster_GC_00001598|genome_name_P515_SD_Italy|gene_callers_id_261,P515_SD_Italy,GC_00001598,261,Unknown,0.0,0.0,-,0.0,Unknown - no BLAST hit found
00000028|gene_cluster_GC_00001558|genome_name_P515_SD_Italy|gene_callers_id_264,P515_SD_Italy,GC_00001558,264,Unknown,0.0,0.0,-,0.0,Unknown - no BLAST hit found
00000029|gene_cluster_GC_00001584|genome_name_P526_SD_Italy|gene_callers_id_1322,P526_SD_Italy,GC_00001584,1322,Unknown,0.0,0.0,-,0.0,Unknown - no BLAST hit found
00000030|gene_cluster_GC_00001439|genome_name_P568_Madre_SD_BE|gene_callers_id_161,P568_Madre_SD_BE,GC_00001439,161,Unknown,0.0,0.0,-,0.0,Unknown - no BLAST hit found
00000031|gene_cluster_GC_00001549|genome_name_P1194_Madre_SD_BE|gene_callers_id_1148,P1194_Madre_SD_BE,GC_00001549,1148,sp|Q47163|T1MP_ECOLX,32.692,208.0,1.35e-29,117.0,sp|Q47163|T1MP_ECOLX Type I restriction enzyme EcoprrI methylase subunit OS=Escherichia coli OX=562 GN=hsdM PE=3 SV=1
00000032|gene_cluster_GC_00001594|genome_name_P568_Madre_SD_BE|gene_callers_id_875,P568_Madre_SD_BE,GC_00001594,875,sp|A9CRA7|CAPSD_BPMR1,48.473,262.0,1.1e-72,227.0,sp|A9CRA7|CAPSD_BPMR1 Major capsid protein OS=Staphylococcus phage phiMR11 OX=379501 GN=orf44 PE=1 SV=1
00000033|gene_cluster_GC_00001489|genome_name_P1194_Madre_SD_BE|gene_callers_id_1230,P1194_Madre_SD_BE,GC_00001489,1230,sp|P39583|YWAC_BACSU,39.744,78.0,2.02e-09,54.7,sp|P39583|YWAC_BACSU GTP pyrophosphokinase YwaC OS=Bacillus subtilis (strain 168) OX=224308 GN=ywaC PE=1 SV=1
00000034|gene_cluster_GC_00001573|genome_name_P568_Madre_SD_BE|gene_callers_id_874,P568_Madre_SD_BE,GC_00001573,874,Unknown,0.0,0.0,-,0.0,Unknown - no BLAST hit found
00000035|gene_cluster_GC_00001301|genome_name_P568_Madre_SD_BE|gene_callers_id_410,P568_Madre_SD_BE,GC_00001301,410,sp|P37247|TRA4_BACFG,30.061,326.0,1.71e-26,109.0,sp|P37247|TRA4_BACFG Transposase for insertion sequence element IS4351 OS=Bacteroides fragilis OX=817 PE=3 SV=1
00000036|gene_cluster_GC_00001301|genome_name_P568_Madre_SD_BE|gene_callers_id_544,P568_Madre_SD_BE,GC_00001301,544,sp|P37247|TRA4_BACFG,30.061,326.0,1.71e-26,109.0,sp|P37247|TRA4_BACFG Transposase for insertion sequence element IS4351 OS=Bacteroides fragilis OX=817 PE=3 SV=1
00000037|gene_cluster_GC_00001301|genome_name_P568_Madre_SD_BE|gene_callers_id_693,P568_Madre_SD_BE,GC_00001301,693,sp|P37247|TRA4_BACFG,30.061,326.0,1.71e-26,109.0,sp|P37247|TRA4_BACFG Transposase for insertion sequence element IS4351 OS=Bacteroides fragilis OX=817 PE=3 SV=1
00000038|gene_cluster_GC_00001301|genome_name_P568_Madre_SD_BE|gene_callers_id_1201,P568_Madre_SD_BE,GC_00001301,1201,sp|P37247|TRA4_BACFG,30.061,326.0,1.71e-26,109.0,sp|P37247|TRA4_BACFG Transposase for insertion sequence element IS4351 OS=Bacteroides fragilis OX=817 PE=3 SV=1
00000039|gene_cluster_GC_00001301|genome_name_P568_Madre_SD_BE|gene_callers_id_1421,P568_Madre_SD_BE,GC_00001301,1421,sp|P37247|TRA4_BACFG,30.061,326.0,1.71e-26,109.0,sp|P37247|TRA4_BACFG Transposase for insertion sequence element IS4351 OS=Bacteroides fragilis OX=817 PE=3 SV=1
00000040|gene_cluster_GC_00001471|genome_name_P568_Madre_SD_BE|gene_callers_id_1436,P568_Madre_SD_BE,GC_00001471,1436,Unknown,0.0,0.0,-,0.0,Unknown - no BLAST hit found
00000041|gene_cluster_GC_00001397|genome_name_Type_strain|gene_callers_id_1093,Type_strain,GC_00001397,1093,sp|P0A1R8|DBHB_SALTY,35.227,88.0,7.16e-11,57.0,sp|P0A1R8|DBHB_SALTY DNA-binding protein HU-beta OS=Salmonella typhimurium (strain LT2 / SGSC1412 / ATCC 700720) OX=99287 GN=hupB PE=3 SV=1
00000042|gene_cluster_GC_00001482|genome_name_P568_Madre_SD_BE|gene_callers_id_1443,P568_Madre_SD_BE,GC_00001482,1443,sp|P12681|PGTP_SALTY,36.073,438.0,1.12e-84,270.0,sp|P12681|PGTP_SALTY Phosphoglycerate transporter protein OS=Salmonella typhimurium (strain LT2 / SGSC1412 / ATCC 700720) OX=99287 GN=pgtP PE=2 SV=2
00000043|gene_cluster_GC_00001603|genome_name_P516_SD_Italy|gene_callers_id_981,P516_SD_Italy,GC_00001603,981,Unknown,0.0,0.0,-,0.0,Unknown - no BLAST hit found
00000044|gene_cluster_GC_00001407|genome_name_P1194_Madre_SD_BE|gene_callers_id_1144,P1194_Madre_SD_BE,GC_00001407,1144,Unknown,0.0,0.0,-,0.0,Unknown - no BLAST hit found
00000045|gene_cluster_GC_00001502|genome_name_P515_SD_Italy|gene_callers_id_1220,P515_SD_Italy,GC_00001502,1220,sp|Q9P793|CHD1C_SCHPO,23.009,452.0,4.64e-11,68.6,sp|Q9P793|CHD1C_SCHPO ATP-dependent chromatin remodeler mit1 OS=Schizosaccharomyces pombe (strain 972 / ATCC 24843) OX=284812 GN=mit1 PE=1 SV=1
00000046|gene_cluster_GC_00001615|genome_name_Reference|gene_callers_id_178,Reference,GC_00001615,178,sp|O32163|SUFU_BACSU,38.298,141.0,2.61e-28,104.0,sp|O32163|SUFU_BACSU Zinc-dependent sulfurtransferase SufU OS=Bacillus subtilis (strain 168) OX=224308 GN=sufU PE=1 SV=1
00000047|gene_cluster_GC_00001578|genome_name_P1194_Madre_SD_BE|gene_callers_id_12,P1194_Madre_SD_BE,GC_00001578,12,Unknown,0.0,0.0,-,0.0,Unknown - no BLAST hit found
00000048|gene_cluster_GC_00001469|genome_name_P515_SD_Italy|gene_callers_id_1218,P515_SD_Italy,GC_00001469,1218,Unknown,0.0,0.0,-,0.0,Unknown - no BLAST hit found
00000049|gene_cluster_GC_00001481|genome_name_P1194_Madre_SD_BE|gene_callers_id_1226,P1194_Madre_SD_BE,GC_00001481,1226,Unknown,0.0,0.0,-,0.0,Unknown - no BLAST hit found
00000050|gene_cluster_GC_00001532|genome_name_P1194_Madre_SD_BE|gene_callers_id_1147,P1194_Madre_SD_BE,GC_00001532,1147,sp|Q5HK76|HSDR_STAEQ,32.323,891.0,8.26e-135,433.0,sp|Q5HK76|HSDR_STAEQ Type I restriction enzyme SepRPIP endonuclease subunit OS=Staphylococcus epidermidis (strain ATCC 35984 / DSM 28319 / BCRC 17069 / CCUG 31568 / BM 3577 / RP62A) OX=176279 GN=hsdR PE=3 SV=1
00000051|gene_cluster_GC_00001567|genome_name_P515_SD_Italy|gene_callers_id_1128,P515_SD_Italy,GC_00001567,1128,sp|O21871|ENDON_BPLSK,31.25,80.0,2.73e-05,44.3,sp|O21871|ENDON_BPLSK Probable HNH endonuclease OS=Lactococcus phage SK1 OX=2905675 PE=3 SV=1
00000052|gene_cluster_GC_00001608|genome_name_P568_Madre_SD_BE|gene_callers_id_63,P568_Madre_SD_BE,GC_00001608,63,sp|P0AAF2|POTE_ECOL6,66.514,436.0,0.0,585.0,sp|P0AAF2|POTE_ECOL6 Putrescine transporter PotE OS=Escherichia coli O6:H1 (strain CFT073 / ATCC 700928 / UPEC) OX=199310 GN=potE PE=3 SV=1
00000053|gene_cluster_GC_00001400|genome_name_P568_Madre_SD_BE|gene_callers_id_876,P568_Madre_SD_BE,GC_00001400,876,Unknown,0.0,0.0,-,0.0,Unknown - no BLAST hit found
00000054|gene_cluster_GC_00001614|genome_name_Reference|gene_callers_id_170,Reference,GC_00001614,170,sp|Q48585|YI3A_LACJH,28.324,173.0,3.03e-05,46.6,sp|Q48585|YI3A_LACJH Insertion element IS1223 uncharacterized 20.7 kDa protein OS=Lactobacillus johnsonii OX=33959 PE=3 SV=1
00000055|gene_cluster_GC_00001479|genome_name_P515_SD_Italy|gene_callers_id_1144,P515_SD_Italy,GC_00001479,1144,Unknown,0.0,0.0,-,0.0,Unknown - no BLAST hit found
00000056|gene_cluster_GC_00001477|genome_name_P568_Madre_SD_BE|gene_callers_id_887,P568_Madre_SD_BE,GC_00001477,887,sp|P09389|MTBB_BPSPB,33.617,470.0,4.13e-56,194.0,sp|P09389|MTBB_BPSPB Orphan methyltransferase M.SPBetaI OS=Bacillus phage SPbeta OX=2932878 GN=mtbP PE=3 SV=2
00000057|gene_cluster_GC_00001408|genome_name_P515_SD_Italy|gene_callers_id_1145,P515_SD_Italy,GC_00001408,1145,sp|P34020|LYS_CLOAB,30.601,183.0,8.75e-10,63.9,sp|P34020|LYS_CLOAB Autolytic lysozyme OS=Clostridium acetobutylicum (strain ATCC 824 / DSM 792 / JCM 1419 / IAM 19013 / LMG 5710 / NBRC 13948 / NRRL B-527 / VKM B-1787 / 2291 / W) OX=272562 GN=lyc PE=1 SV=1
00000058|gene_cluster_GC_00001610|genome_name_P1194_Madre_SD_BE|gene_callers_id_977,P1194_Madre_SD_BE,GC_00001610,977,Unknown,0.0,0.0,-,0.0,Unknown - no BLAST hit found
00000059|gene_cluster_GC_00001498|genome_name_P568_Madre_SD_BE|gene_callers_id_1413,P568_Madre_SD_BE,GC_00001498,1413,Unknown,0.0,0.0,-,0.0,Unknown - no BLAST hit found
00000060|gene_cluster_GC_00001579|genome_name_P1191_Madre_SD_BE|gene_callers_id_1261,P1191_Madre_SD_BE,GC_00001579,1261,Unknown,0.0,0.0,-,0.0,Unknown - no BLAST hit found
00000061|gene_cluster_GC_00001599|genome_name_P568_Madre_SD_BE|gene_callers_id_1438,P568_Madre_SD_BE,GC_00001599,1438,sp|P96594|YDAS_BACSU,51.282,78.0,2.77e-16,69.7,sp|P96594|YDAS_BACSU UPF0410 protein YdaS OS=Bacillus subtilis (strain 168) OX=224308 GN=ydaS PE=3 SV=1
00000062|gene_cluster_GC_00001488|genome_name_Reference|gene_callers_id_173,Reference,GC_00001488,173,sp|P43752|NRDD_HAEIN,48.87,708.0,0.0,698.0,sp|P43752|NRDD_HAEIN Anaerobic ribonucleoside-triphosphate reductase OS=Haemophilus influenzae (strain ATCC 51907 / DSM 11121 / KW20 / Rd) OX=71421 GN=nrdD PE=3 SV=1
00000063|gene_cluster_GC_00001461|genome_name_P1194_Madre_SD_BE|gene_callers_id_11,P1194_Madre_SD_BE,GC_00001461,11,Unknown,0.0,0.0,-,0.0,Unknown - no BLAST hit found
00000064|gene_cluster_GC_00001441|genome_name_P1194_Madre_SD_BE|gene_callers_id_1231,P1194_Madre_SD_BE,GC_00001441,1231,sp|P25524|CODA_ECOLI,56.566,396.0,1.12e-163,469.0,sp|P25524|CODA_ECOLI Cytosine deaminase OS=Escherichia coli (strain K12) OX=83333 GN=codA PE=1 SV=3
00000065|gene_cluster_GC_00001392|genome_name_P1194_Madre_SD_BE|gene_callers_id_9,P1194_Madre_SD_BE,GC_00001392,9,Unknown,0.0,0.0,-,0.0,Unknown - no BLAST hit found
00000066|gene_cluster_GC_00001504|genome_name_P1194_Madre_SD_BE|gene_callers_id_1029,P1194_Madre_SD_BE,GC_00001504,1029,sp|P95780|RMLB_STRMU,74.118,340.0,0.0,543.0,"sp|P95780|RMLB_STRMU dTDP-glucose 4,6-dehydratase OS=Streptococcus mutans serotype c (strain ATCC 700610 / UA159) OX=210007 GN=rmlB PE=1 SV=2"
00000067|gene_cluster_GC_00001581|genome_name_P568_Madre_SD_BE|gene_callers_id_1405,P568_Madre_SD_BE,GC_00001581,1405,Unknown,0.0,0.0,-,0.0,Unknown - no BLAST hit found
00000068|gene_cluster_GC_00001491|genome_name_Type_strain|gene_callers_id_1013,Type_strain,GC_00001491,1013,Unknown,0.0,0.0,-,0.0,Unknown - no BLAST hit found
00000069|gene_cluster_GC_00001495|genome_name_P568_Madre_SD_BE|gene_callers_id_892,P568_Madre_SD_BE,GC_00001495,892,sp|P24125|V51K_BPL79,47.664,428.0,1.6e-128,383.0,sp|P24125|V51K_BPL79 51.5 kDa protein OS=Lactococcus phage (isolate 7-9) OX=12375 PE=4 SV=1
00000070|gene_cluster_GC_00001556|genome_name_P515_SD_Italy|gene_callers_id_1127,P515_SD_Italy,GC_00001556,1127,Unknown,0.0,0.0,-,0.0,Unknown - no BLAST hit found
00000071|gene_cluster_GC_00001516|genome_name_P1194_Madre_SD_BE|gene_callers_id_587,P1194_Madre_SD_BE,GC_00001516,587,Unknown,0.0,0.0,-,0.0,Unknown - no BLAST hit found
00000072|gene_cluster_GC_00001575|genome_name_P1194_Madre_SD_BE|gene_callers_id_16,P1194_Madre_SD_BE,GC_00001575,16,Unknown,0.0,0.0,-,0.0,Unknown - no BLAST hit found
00000073|gene_cluster_GC_00001443|genome_name_P1194_Madre_SD_BE|gene_callers_id_1023,P1194_Madre_SD_BE,GC_00001443,1023,sp|Q58464|Y1064_METJA,40.179,112.0,3.52e-16,77.0,sp|Q58464|Y1064_METJA Uncharacterized acetyltransferase MJ1064 OS=Methanocaldococcus jannaschii (strain ATCC 43067 / DSM 2661 / JAL-1 / JCM 10045 / NBRC 100440) OX=243232 GN=MJ1064 PE=3 SV=1
00000074|gene_cluster_GC_00001563|genome_name_P568_Madre_SD_BE|gene_callers_id_61,P568_Madre_SD_BE,GC_00001563,61,sp|O34546|YTTB_BACSU,33.333,354.0,7.840000000000001e-64,212.0,sp|O34546|YTTB_BACSU Uncharacterized MFS-type transporter YttB OS=Bacillus subtilis (strain 168) OX=224308 GN=yttB PE=3 SV=1
00000075|gene_cluster_GC_00001457|genome_name_P1194_Madre_SD_BE|gene_callers_id_1246,P1194_Madre_SD_BE,GC_00001457,1246,sp|O35018|LMRB_BACSU,31.002,429.0,1.8200000000000001e-47,173.0,sp|O35018|LMRB_BACSU Lincomycin resistance protein LmrB OS=Bacillus subtilis (strain 168) OX=224308 GN=lmrB PE=3 SV=1
00000076|gene_cluster_GC_00001433|genome_name_P1194_Madre_SD_BE|gene_callers_id_19,P1194_Madre_SD_BE,GC_00001433,19,sp|P96629|INT_BACSU,24.74,384.0,4.99e-26,110.0,sp|P96629|INT_BACSU ICEBs1 integrase OS=Bacillus subtilis (strain 168) OX=224308 GN=int PE=3 SV=1
00000077|gene_cluster_GC_00001391|genome_name_P568_Madre_SD_BE|gene_callers_id_1375,P568_Madre_SD_BE,GC_00001391,1375,Unknown,0.0,0.0,-,0.0,Unknown - no BLAST hit found
00000078|gene_cluster_GC_00001531|genome_name_Reference|gene_callers_id_171,Reference,GC_00001531,171,sp|P35878|T904_LACLA,29.289,239.0,9.57e-17,80.5,sp|P35878|T904_LACLA Transposase for insertion sequence element IS904 OS=Lactococcus lactis subsp. lactis (strain IL1403) OX=272623 GN=nisX1 PE=3 SV=1
00000079|gene_cluster_GC_00001547|genome_name_P568_Madre_SD_BE|gene_callers_id_1440,P568_Madre_SD_BE,GC_00001547,1440,sp|Q58439|CORA_METJA,24.342,152.0,0.000235,45.8,sp|Q58439|CORA_METJA Cobalt/magnesium transport protein CorA OS=Methanocaldococcus jannaschii (strain ATCC 43067 / DSM 2661 / JAL-1 / JCM 10045 / NBRC 100440) OX=243232 GN=corA PE=1 SV=1
00000080|gene_cluster_GC_00001453|genome_name_P568_Madre_SD_BE|gene_callers_id_62,P568_Madre_SD_BE,GC_00001453,62,sp|P43099|DCOR_LACS3,69.188,714.0,0.0,1084.0,sp|P43099|DCOR_LACS3 Inducible ornithine decarboxylase OS=Lactobacillus sp. (strain 30a) OX=1593 GN=odcI PE=1 SV=2
00000081|gene_cluster_GC_00001535|genome_name_P568_Madre_SD_BE|gene_callers_id_1432,P568_Madre_SD_BE,GC_00001535,1432,sp|Q45494|YKRA_BACSU,29.73,259.0,9.360000000000001e-29,112.0,sp|Q45494|YKRA_BACSU Putative phosphatase YkrA OS=Bacillus subtilis (strain 168) OX=224308 GN=ykrA PE=3 SV=1
00000082|gene_cluster_GC_00001432|genome_name_Reference|gene_callers_id_175,Reference,GC_00001432,175,sp|P80866|SUFC_BACSU,62.8,250.0,5.92e-116,335.0,sp|P80866|SUFC_BACSU Vegetative protein 296 OS=Bacillus subtilis (strain 168) OX=224308 GN=sufC PE=1 SV=3
00000083|gene_cluster_GC_00001475|genome_name_P1194_Madre_SD_BE|gene_callers_id_790,P1194_Madre_SD_BE,GC_00001475,790,sp|Q60329|Y014_METJA,41.52,171.0,5.17e-36,127.0,sp|Q60329|Y014_METJA Uncharacterized protein MJ0014 OS=Methanocaldococcus jannaschii (strain ATCC 43067 / DSM 2661 / JAL-1 / JCM 10045 / NBRC 100440) OX=243232 GN=MJ0014 PE=1 SV=1
00000084|gene_cluster_GC_00001601|genome_name_P1194_Madre_SD_BE|gene_callers_id_1028,P1194_Madre_SD_BE,GC_00001601,1028,sp|P39862|CAPM_STAAU,27.734,256.0,2.29e-09,62.0,sp|P39862|CAPM_STAAU Capsular polysaccharide biosynthesis glycosyltransferase CapM OS=Staphylococcus aureus OX=1280 GN=capM PE=3 SV=1
00000085|gene_cluster_GC_00001588|genome_name_P515_SD_Italy|gene_callers_id_1131,P515_SD_Italy,GC_00001588,1131,Unknown,0.0,0.0,-,0.0,Unknown - no BLAST hit found
00000086|gene_cluster_GC_00001428|genome_name_Type_strain|gene_callers_id_1159,Type_strain,GC_00001428,1159,Unknown,0.0,0.0,-,0.0,Unknown - no BLAST hit found
00000087|gene_cluster_GC_00001451|genome_name_P568_Madre_SD_BE|gene_callers_id_1404,P568_Madre_SD_BE,GC_00001451,1404,Unknown,0.0,0.0,-,0.0,Unknown - no BLAST hit found
00000088|gene_cluster_GC_00001592|genome_name_P1194_Madre_SD_BE|gene_callers_id_1143,P1194_Madre_SD_BE,GC_00001592,1143,sp|Q9ZUC1|AOR_ARATH,38.217,314.0,5.4599999999999995e-55,186.0,"sp|Q9ZUC1|AOR_ARATH NADPH-dependent alkenal/one oxidoreductase, chloroplastic OS=Arabidopsis thaliana OX=3702 GN=AOR PE=1 SV=2"
00000089|gene_cluster_GC_00001466|genome_name_P515_SD_Italy|gene_callers_id_1150,P515_SD_Italy,GC_00001466,1150,Unknown,0.0,0.0,-,0.0,Unknown - no BLAST hit found
00000090|gene_cluster_GC_00001419|genome_name_Type_strain|gene_callers_id_1090,Type_strain,GC_00001419,1090,Unknown,0.0,0.0,-,0.0,Unknown - no BLAST hit found
00000091|gene_cluster_GC_00001483|genome_name_P568_Madre_SD_BE|gene_callers_id_893,P568_Madre_SD_BE,GC_00001483,893,Unknown,0.0,0.0,-,0.0,Unknown - no BLAST hit found
00000092|gene_cluster_GC_00001404|genome_name_P568_Madre_SD_BE|gene_callers_id_866,P568_Madre_SD_BE,GC_00001404,866,sp|O48459|DIT_BPSPP,26.064,188.0,6.35e-08,55.5,sp|O48459|DIT_BPSPP Distal tail protein OS=Bacillus phage SPP1 OX=10724 PE=1 SV=1
00000093|gene_cluster_GC_00001518|genome_name_P1194_Madre_SD_BE|gene_callers_id_13,P1194_Madre_SD_BE,GC_00001518,13,Unknown,0.0,0.0,-,0.0,Unknown - no BLAST hit found
00000094|gene_cluster_GC_00001577|genome_name_P568_Madre_SD_BE|gene_callers_id_1409,P568_Madre_SD_BE,GC_00001577,1409,Unknown,0.0,0.0,-,0.0,Unknown - no BLAST hit found
00000095|gene_cluster_GC_00001425|genome_name_P1194_Madre_SD_BE|gene_callers_id_1222,P1194_Madre_SD_BE,GC_00001425,1222,Unknown,0.0,0.0,-,0.0,Unknown - no BLAST hit found
00000096|gene_cluster_GC_00001455|genome_name_P1194_Madre_SD_BE|gene_callers_id_1154,P1194_Madre_SD_BE,GC_00001455,1154,Unknown,0.0,0.0,-,0.0,Unknown - no BLAST hit found
00000097|gene_cluster_GC_00001420|genome_name_P1194_Madre_SD_BE|gene_callers_id_18,P1194_Madre_SD_BE,GC_00001420,18,sp|O31834|YOZG_BACSU,29.851,67.0,9.42e-06,46.2,sp|O31834|YOZG_BACSU Uncharacterized HTH-type transcriptional regulator YozG OS=Bacillus subtilis (strain 168) OX=224308 GN=yozG PE=4 SV=1
00000098|gene_cluster_GC_00001465|genome_name_P568_Madre_SD_BE|gene_callers_id_1408,P568_Madre_SD_BE,GC_00001465,1408,Unknown,0.0,0.0,-,0.0,Unknown - no BLAST hit found
00000099|gene_cluster_GC_00001515|genome_name_P568_Madre_SD_BE|gene_callers_id_865,P568_Madre_SD_BE,GC_00001515,865,sp|Q0PDK6|FIBER_BPSPP,30.216,278.0,4.1200000000000005e-21,103.0,sp|Q0PDK6|FIBER_BPSPP Tail spike protein OS=Bacillus phage SPP1 OX=10724 GN=21 PE=1 SV=1
00000100|gene_cluster_GC_00001423|genome_name_P1194_Madre_SD_BE|gene_callers_id_1024,P1194_Madre_SD_BE,GC_00001423,1024,sp|D4GU63|AGL10_HALVD,27.5,240.0,4e-12,68.9,sp|D4GU63|AGL10_HALVD Low-salt glycan biosynthesis hexosyltransferase Agl10 OS=Haloferax volcanii (strain ATCC 29605 / DSM 3757 / JCM 8879 / NBRC 14742 / NCIMB 2012 / VKM B-1768 / DS2) OX=309800 GN=agl10 PE=3 SV=1
00000101|gene_cluster_GC_00001526|genome_name_P515_SD_Italy|gene_callers_id_1148,P515_SD_Italy,GC_00001526,1148,Unknown,0.0,0.0,-,0.0,Unknown - no BLAST hit found
00000102|gene_cluster_GC_00001401|genome_name_P515_SD_Italy|gene_callers_id_1219,P515_SD_Italy,GC_00001401,1219,sp|P15895|ORF4_SPV1R,31.111,90.0,0.008,37.0,sp|P15895|ORF4_SPV1R Uncharacterized protein ORF4 OS=Spiroplasma virus SpV1-R8A2 B OX=10854 GN=ORF4 PE=3 SV=2
00000103|gene_cluster_GC_00001458|genome_name_Type_strain|gene_callers_id_257,Type_strain,GC_00001458,257,Unknown,0.0,0.0,-,0.0,Unknown - no BLAST hit found
00000104|gene_cluster_GC_00001572|genome_name_P568_Madre_SD_BE|gene_callers_id_1430,P568_Madre_SD_BE,GC_00001572,1430,sp|Q9CID5|TREPP_LACLA,40.769,780.0,0.0,581.0,sp|Q9CID5|TREPP_LACLA Trehalose 6-phosphate phosphorylase OS=Lactococcus lactis subsp. lactis (strain IL1403) OX=272623 GN=trePP PE=1 SV=3
00000105|gene_cluster_GC_00001604|genome_name_P1194_Madre_SD_BE|gene_callers_id_6,P1194_Madre_SD_BE,GC_00001604,6,Unknown,0.0,0.0,-,0.0,Unknown - no BLAST hit found
00000106|gene_cluster_GC_00001509|genome_name_P1194_Madre_SD_BE|gene_callers_id_412,P1194_Madre_SD_BE,GC_00001509,412,Unknown,0.0,0.0,-,0.0,Unknown - no BLAST hit found
00000107|gene_cluster_GC_00001399|genome_name_Reference|gene_callers_id_360,Reference,GC_00001399,360,sp|Q57594|T1S1_METJA,31.795,195.0,4.1e-12,67.4,sp|Q57594|T1S1_METJA Type I restriction enzyme MjaVII specificity subunit OS=Methanocaldococcus jannaschii (strain ATCC 43067 / DSM 2661 / JAL-1 / JCM 10045 / NBRC 100440) OX=243232 GN=MJ0130 PE=1 SV=3
00000108|gene_cluster_GC_00001611|genome_name_P568_Madre_SD_BE|gene_callers_id_147,P568_Madre_SD_BE,GC_00001611,147,sp|Q06994|WAAB_SALTY,41.333,225.0,7.88e-52,176.0,"sp|Q06994|WAAB_SALTY Lipopolysaccharide 1,6-galactosyltransferase OS=Salmonella typhimurium (strain LT2 / SGSC1412 / ATCC 700720) OX=99287 GN=waaB PE=1 SV=2"
00000109|gene_cluster_GC_00001510|genome_name_P568_Madre_SD_BE|gene_callers_id_873,P568_Madre_SD_BE,GC_00001510,873,Unknown,0.0,0.0,-,0.0,Unknown - no BLAST hit found
00000110|gene_cluster_GC_00001514|genome_name_P568_Madre_SD_BE|gene_callers_id_1442,P568_Madre_SD_BE,GC_00001514,1442,Unknown,0.0,0.0,-,0.0,Unknown - no BLAST hit found
00000111|gene_cluster_GC_00001574|genome_name_Type_strain|gene_callers_id_1091,Type_strain,GC_00001574,1091,Unknown,0.0,0.0,-,0.0,Unknown - no BLAST hit found
00000112|gene_cluster_GC_00001463|genome_name_P568_Madre_SD_BE|gene_callers_id_872,P568_Madre_SD_BE,GC_00001463,872,Unknown,0.0,0.0,-,0.0,Unknown - no BLAST hit found
00000113|gene_cluster_GC_00001600|genome_name_P568_Madre_SD_BE|gene_callers_id_884,P568_Madre_SD_BE,GC_00001600,884,sp|Q56108|NRDH_SALTY,40.541,74.0,4.82e-17,71.2,sp|Q56108|NRDH_SALTY Glutaredoxin-like protein NrdH OS=Salmonella typhimurium (strain LT2 / SGSC1412 / ATCC 700720) OX=99287 GN=nrdH PE=3 SV=1
00000114|gene_cluster_GC_00001418|genome_name_P1194_Madre_SD_BE|gene_callers_id_1243,P1194_Madre_SD_BE,GC_00001418,1243,Unknown,0.0,0.0,-,0.0,Unknown - no BLAST hit found
00000115|gene_cluster_GC_00001412|genome_name_Type_strain|gene_callers_id_906,Type_strain,GC_00001412,906,Unknown,0.0,0.0,-,0.0,Unknown - no BLAST hit found
00000116|gene_cluster_GC_00001561|genome_name_P515_SD_Italy|gene_callers_id_1136,P515_SD_Italy,GC_00001561,1136,Unknown,0.0,0.0,-,0.0,Unknown - no BLAST hit found
00000117|gene_cluster_GC_00001540|genome_name_P568_Madre_SD_BE|gene_callers_id_861,P568_Madre_SD_BE,GC_00001540,861,sp|P26835|YNGD_CLOPF,28.571,91.0,0.005,38.5,sp|P26835|YNGD_CLOPF Uncharacterized 14.9 kDa protein in nagH 3'region OS=Clostridium perfringens OX=1502 PE=3 SV=1
00000118|gene_cluster_GC_00001476|genome_name_Type_strain|gene_callers_id_910,Type_strain,GC_00001476,910,Unknown,0.0,0.0,-,0.0,Unknown - no BLAST hit found
00000119|gene_cluster_GC_00001589|genome_name_P515_SD_Italy|gene_callers_id_1222,P515_SD_Italy,GC_00001589,1222,sp|P77174|YBDM_ECOLI,47.879,165.0,3.55e-47,155.0,sp|P77174|YBDM_ECOLI Uncharacterized protein YbdM OS=Escherichia coli (strain K12) OX=83333 GN=ybdM PE=1 SV=1
00000120|gene_cluster_GC_00001523|genome_name_P515_SD_Italy|gene_callers_id_1140,P515_SD_Italy,GC_00001523,1140,Unknown,0.0,0.0,-,0.0,Unknown - no BLAST hit found
00000121|gene_cluster_GC_00001616|genome_name_P1194_Madre_SD_BE|gene_callers_id_1329,P1194_Madre_SD_BE,GC_00001616,1329,Unknown,0.0,0.0,-,0.0,Unknown - no BLAST hit found
00000122|gene_cluster_GC_00001548|genome_name_P568_Madre_SD_BE|gene_callers_id_1435,P568_Madre_SD_BE,GC_00001548,1435,Unknown,0.0,0.0,-,0.0,Unknown - no BLAST hit found
00000123|gene_cluster_GC_00001417|genome_name_P515_SD_Italy|gene_callers_id_1151,P515_SD_Italy,GC_00001417,1151,sp|P19385|LYS_BPCP7,32.11,218.0,4.82e-25,107.0,sp|P19385|LYS_BPCP7 Lysozyme OS=Streptococcus phage Cp-7 OX=10748 GN=CPL7 PE=1 SV=2
00000124|gene_cluster_GC_00001580|genome_name_P515_SD_Italy|gene_callers_id_1139,P515_SD_Italy,GC_00001580,1139,Unknown,0.0,0.0,-,0.0,Unknown - no BLAST hit found
00000125|gene_cluster_GC_00001409|genome_name_P515_SD_Italy|gene_callers_id_1132,P515_SD_Italy,GC_00001409,1132,Unknown,0.0,0.0,-,0.0,Unknown - no BLAST hit found
00000126|gene_cluster_GC_00001402|genome_name_P1194_Madre_SD_BE|gene_callers_id_588,P1194_Madre_SD_BE,GC_00001402,588,Unknown,0.0,0.0,-,0.0,Unknown - no BLAST hit found
00000127|gene_cluster_GC_00001413|genome_name_P515_SD_Italy|gene_callers_id_1143,P515_SD_Italy,GC_00001413,1143,Unknown,0.0,0.0,-,0.0,Unknown - no BLAST hit found
00000128|gene_cluster_GC_00001595|genome_name_P1194_Madre_SD_BE|gene_callers_id_10,P1194_Madre_SD_BE,GC_00001595,10,Unknown,0.0,0.0,-,0.0,Unknown - no BLAST hit found
00000129|gene_cluster_GC_00001450|genome_name_P1194_Madre_SD_BE|gene_callers_id_1242,P1194_Madre_SD_BE,GC_00001450,1242,Unknown,0.0,0.0,-,0.0,Unknown - no BLAST hit found
00000130|gene_cluster_GC_00001568|genome_name_P568_Madre_SD_BE|gene_callers_id_888,P568_Madre_SD_BE,GC_00001568,888,Unknown,0.0,0.0,-,0.0,Unknown - no BLAST hit found
00000131|gene_cluster_GC_00001416|genome_name_Type_strain|gene_callers_id_1011,Type_strain,GC_00001416,1011,sp|Q7CXI0|ATSE_AGRFC,25.243,103.0,1.03e-09,56.6,sp|Q7CXI0|ATSE_AGRFC Acetyltransferase Atu2258 OS=Agrobacterium fabrum (strain C58 / ATCC 33970) OX=176299 GN=Atu2258 PE=1 SV=2
00000132|gene_cluster_GC_00001437|genome_name_P568_Madre_SD_BE|gene_callers_id_253,P568_Madre_SD_BE,GC_00001437,253,Unknown,0.0,0.0,-,0.0,Unknown - no BLAST hit found
00000133|gene_cluster_GC_00001485|genome_name_P568_Madre_SD_BE|gene_callers_id_889,P568_Madre_SD_BE,GC_00001485,889,Unknown,0.0,0.0,-,0.0,Unknown - no BLAST hit found
00000134|gene_cluster_GC_00001511|genome_name_P515_SD_Italy|gene_callers_id_1223,P515_SD_Italy,GC_00001511,1223,Unknown,0.0,0.0,-,0.0,Unknown - no BLAST hit found
00000135|gene_cluster_GC_00001424|genome_name_P515_SD_Italy|gene_callers_id_1138,P515_SD_Italy,GC_00001424,1138,Unknown,0.0,0.0,-,0.0,Unknown - no BLAST hit found
00000136|gene_cluster_GC_00001497|genome_name_P515_SD_Italy|gene_callers_id_1152,P515_SD_Italy,GC_00001497,1152,sp|A2AX52|CO6A4_MOUSE,47.561,82.0,1.37e-13,77.4,sp|A2AX52|CO6A4_MOUSE Collagen alpha-4(VI) chain OS=Mus musculus OX=10090 GN=Col6a4 PE=1 SV=2
00000137|gene_cluster_GC_00001534|genome_name_P515_SD_Italy|gene_callers_id_1147,P515_SD_Italy,GC_00001534,1147,Unknown,0.0,0.0,-,0.0,Unknown - no BLAST hit found
00000138|gene_cluster_GC_00001545|genome_name_Type_strain|gene_callers_id_335,Type_strain,GC_00001545,335,Unknown,0.0,0.0,-,0.0,Unknown - no BLAST hit found
00000139|gene_cluster_GC_00001528|genome_name_P515_SD_Italy|gene_callers_id_256,P515_SD_Italy,GC_00001528,256,Unknown,0.0,0.0,-,0.0,Unknown - no BLAST hit found
00000140|gene_cluster_GC_00001585|genome_name_P1194_Madre_SD_BE|gene_callers_id_979,P1194_Madre_SD_BE,GC_00001585,979,Unknown,0.0,0.0,-,0.0,Unknown - no BLAST hit found
00000141|gene_cluster_GC_00001602|genome_name_P1194_Madre_SD_BE|gene_callers_id_589,P1194_Madre_SD_BE,GC_00001602,589,Unknown,0.0,0.0,-,0.0,Unknown - no BLAST hit found
00000142|gene_cluster_GC_00001583|genome_name_P568_Madre_SD_BE|gene_callers_id_151,P568_Madre_SD_BE,GC_00001583,151,sp|P25148|GSPA_BACSU,23.372,261.0,5.64e-19,88.6,sp|P25148|GSPA_BACSU General stress protein A OS=Bacillus subtilis (strain 168) OX=224308 GN=gspA PE=1 SV=2
00000143|gene_cluster_GC_00001436|genome_name_P1194_Madre_SD_BE|gene_callers_id_17,P1194_Madre_SD_BE,GC_00001436,17,Unknown,0.0,0.0,-,0.0,Unknown - no BLAST hit found
00000144|gene_cluster_GC_00001440|genome_name_P568_Madre_SD_BE|gene_callers_id_1418,P568_Madre_SD_BE,GC_00001440,1418,Unknown,0.0,0.0,-,0.0,Unknown - no BLAST hit found
00000145|gene_cluster_GC_00001464|genome_name_P568_Madre_SD_BE|gene_callers_id_1420,P568_Madre_SD_BE,GC_00001464,1420,sp|P36496|PEDB_PEDAC,100.0,57.0,4.3000000000000005e-37,122.0,sp|P36496|PEDB_PEDAC Pediocin PA-1 immunity protein OS=Pediococcus acidilactici OX=1254 GN=pedB PE=4 SV=1
00000146|gene_cluster_GC_00001421|genome_name_P568_Madre_SD_BE|gene_callers_id_1403,P568_Madre_SD_BE,GC_00001421,1403,sp|Q88WD3|Y1708_LACPL,63.793,58.0,8.09e-18,72.8,sp|Q88WD3|Y1708_LACPL UPF0337 protein lp_1708 OS=Lactiplantibacillus plantarum (strain ATCC BAA-793 / NCIMB 8826 / WCFS1) OX=220668 GN=lp_1708 PE=3 SV=1
00000147|gene_cluster_GC_00001493|genome_name_P568_Madre_SD_BE|gene_callers_id_860,P568_Madre_SD_BE,GC_00001493,860,sp|B3VBK9|LYSM_PASFU,45.902,61.0,0.008,40.8,sp|B3VBK9|LYSM_PASFU Secreted LysM effector ECP6 OS=Passalora fulva OX=5499 GN=ECP6 PE=1 SV=1
00000148|gene_cluster_GC_00001533|genome_name_P515_SD_Italy|gene_callers_id_1137,P515_SD_Italy,GC_00001533,1137,Unknown,0.0,0.0,-,0.0,Unknown - no BLAST hit found
00000149|gene_cluster_GC_00001569|genome_name_P1194_Madre_SD_BE|gene_callers_id_982,P1194_Madre_SD_BE,GC_00001569,982,Unknown,0.0,0.0,-,0.0,Unknown - no BLAST hit found
00000150|gene_cluster_GC_00001587|genome_name_P1194_Madre_SD_BE|gene_callers_id_1021,P1194_Madre_SD_BE,GC_00001587,1021,Unknown,0.0,0.0,-,0.0,Unknown - no BLAST hit found
00000151|gene_cluster_GC_00001542|genome_name_P515_SD_Italy|gene_callers_id_1221,P515_SD_Italy,GC_00001542,1221,sp|P77216|YBDN_ECOLI,32.289,415.0,7.05e-69,227.0,sp|P77216|YBDN_ECOLI Uncharacterized protein YbdN OS=Escherichia coli (strain K12) OX=83333 GN=ybdN PE=4 SV=1
00000152|gene_cluster_GC_00001492|genome_name_P1191_Madre_SD_BE|gene_callers_id_1283,P1191_Madre_SD_BE,GC_00001492,1283,Unknown,0.0,0.0,-,0.0,Unknown - no BLAST hit found
00000153|gene_cluster_GC_00001442|genome_name_P1194_Madre_SD_BE|gene_callers_id_15,P1194_Madre_SD_BE,GC_00001442,15,Unknown,0.0,0.0,-,0.0,Unknown - no BLAST hit found
00000154|gene_cluster_GC_00001593|genome_name_P515_SD_Italy|gene_callers_id_254,P515_SD_Italy,GC_00001593,254,Unknown,0.0,0.0,-,0.0,Unknown - no BLAST hit found
00000155|gene_cluster_GC_00001499|genome_name_P515_SD_Italy|gene_callers_id_1337,P515_SD_Italy,GC_00001499,1337,Unknown,0.0,0.0,-,0.0,Unknown - no BLAST hit found
00000156|gene_cluster_GC_00001520|genome_name_P568_Madre_SD_BE|gene_callers_id_149,P568_Madre_SD_BE,GC_00001520,149,sp|D4GYH3|AGLG_HALVD,30.0,120.0,8.18e-06,47.4,sp|D4GYH3|AGLG_HALVD Glucosyl-dolichyl phosphate glucuronosyltransferase OS=Haloferax volcanii (strain ATCC 29605 / DSM 3757 / JCM 8879 / NBRC 14742 / NCIMB 2012 / VKM B-1768 / DS2) OX=309800 GN=aglG PE=1 SV=1
00000157|gene_cluster_GC_00001506|genome_name_P515_SD_Italy|gene_callers_id_1141,P515_SD_Italy,GC_00001506,1141,Unknown,0.0,0.0,-,0.0,Unknown - no BLAST hit found
00000158|gene_cluster_GC_00001484|genome_name_P568_Madre_SD_BE|gene_callers_id_878,P568_Madre_SD_BE,GC_00001484,878,Unknown,0.0,0.0,-,0.0,Unknown - no BLAST hit found
00000159|gene_cluster_GC_00001422|genome_name_Reference|gene_callers_id_180,Reference,GC_00001422,180,Unknown,0.0,0.0,-,0.0,Unknown - no BLAST hit found
00000160|gene_cluster_GC_00001543|genome_name_P1194_Madre_SD_BE|gene_callers_id_1232,P1194_Madre_SD_BE,GC_00001543,1232,sp|P94369|YXLA_BACSU,24.79,476.0,1.08e-19,94.7,sp|P94369|YXLA_BACSU Putative purine-cytosine permease YxlA OS=Bacillus subtilis (strain 168) OX=224308 GN=yxlA PE=3 SV=1
00000161|gene_cluster_GC_00001525|genome_name_Type_strain|gene_callers_id_1092,Type_strain,GC_00001525,1092,Unknown,0.0,0.0,-,0.0,Unknown - no BLAST hit found
00000162|gene_cluster_GC_00001550|genome_name_P1194_Madre_SD_BE|gene_callers_id_1244,P1194_Madre_SD_BE,GC_00001550,1244,Unknown,0.0,0.0,-,0.0,Unknown - no BLAST hit found
00000163|gene_cluster_GC_00001564|genome_name_P1194_Madre_SD_BE|gene_callers_id_1327,P1194_Madre_SD_BE,GC_00001564,1327,sp|Q7DF80|DRA2B_DEIRA,31.068,309.0,1.74e-27,116.0,sp|Q7DF80|DRA2B_DEIRA RNA-guided DNA endonuclease TnpB OS=Deinococcus radiodurans (strain ATCC 13939 / DSM 20539 / JCM 16871 / CCUG 27074 / LMG 4051 / NBRC 15346 / NCIMB 9279 / VKM B-1422 / R1) OX=243230 GN=tnpB PE=1 SV=1
00000164|gene_cluster_GC_00001490|genome_name_P1194_Madre_SD_BE|gene_callers_id_1241,P1194_Madre_SD_BE,GC_00001490,1241,sp|Q8DVR0|BRPA_STRMU,41.509,53.0,0.000634,41.2,sp|Q8DVR0|BRPA_STRMU Biofilm regulatory protein A OS=Streptococcus mutans serotype c (strain ATCC 700610 / UA159) OX=210007 GN=brpA PE=1 SV=1
00000165|gene_cluster_GC_00001415|genome_name_P515_SD_Italy|gene_callers_id_1135,P515_SD_Italy,GC_00001415,1135,Unknown,0.0,0.0,-,0.0,Unknown - no BLAST hit found
00000166|gene_cluster_GC_00001529|genome_name_Reference|gene_callers_id_179,Reference,GC_00001529,179,sp|O32162|SUFB_BACSU,57.952,459.0,0.0,587.0,sp|O32162|SUFB_BACSU Iron-sulfur cluster assembly protein SufB OS=Bacillus subtilis (strain 168) OX=224308 GN=sufB PE=3 SV=1
00000167|gene_cluster_GC_00001459|genome_name_P568_Madre_SD_BE|gene_callers_id_871,P568_Madre_SD_BE,GC_00001459,871,Unknown,0.0,0.0,-,0.0,Unknown - no BLAST hit found
00000168|gene_cluster_GC_00001541|genome_name_P515_SD_Italy|gene_callers_id_1149,P515_SD_Italy,GC_00001541,1149,Unknown,0.0,0.0,-,0.0,Unknown - no BLAST hit found
00000169|gene_cluster_GC_00001553|genome_name_P568_Madre_SD_BE|gene_callers_id_870,P568_Madre_SD_BE,GC_00001553,870,Unknown,0.0,0.0,-,0.0,Unknown - no BLAST hit found
00000170|gene_cluster_GC_00001539|genome_name_Reference|gene_callers_id_176,Reference,GC_00001539,176,sp|O32165|SUFD_BACSU,38.509,161.0,3.09e-30,122.0,sp|O32165|SUFD_BACSU Iron-sulfur cluster assembly protein SufD OS=Bacillus subtilis (strain 168) OX=224308 GN=sufD PE=3 SV=1
00000171|gene_cluster_GC_00001438|genome_name_P568_Madre_SD_BE|gene_callers_id_252,P568_Madre_SD_BE,GC_00001438,252,Unknown,0.0,0.0,-,0.0,Unknown - no BLAST hit found
00000172|gene_cluster_GC_00001452|genome_name_P568_Madre_SD_BE|gene_callers_id_864,P568_Madre_SD_BE,GC_00001452,864,sp|P15317|YHYA_BPH44,30.435,115.0,7.28e-06,52.8,sp|P15317|YHYA_BPH44 Uncharacterized 65 kDa protein in hyaluronidase region OS=Streptococcus pyogenes phage H4489A OX=12366 PE=4 SV=1
00000173|gene_cluster_GC_00001468|genome_name_P568_Madre_SD_BE|gene_callers_id_881,P568_Madre_SD_BE,GC_00001468,881,sp|P68928|TERS_BPSF6,45.205,146.0,9.189999999999999e-30,108.0,sp|P68928|TERS_BPSF6 Terminase small subunit OS=Bacillus phage SF6 OX=10773 GN=1 PE=1 SV=2
00000174|gene_cluster_GC_00001555|genome_name_P1194_Madre_SD_BE|gene_callers_id_14,P1194_Madre_SD_BE,GC_00001555,14,sp|Q5UQ22|YL207_MIMIV,28.571,238.0,1.25e-08,61.6,sp|Q5UQ22|YL207_MIMIV Putative helicase L207/L206 OS=Acanthamoeba polyphaga mimivirus OX=212035 GN=MIMI_L206 PE=4 SV=2
00000175|gene_cluster_GC_00001447|genome_name_P1194_Madre_SD_BE|gene_callers_id_1235,P1194_Madre_SD_BE,GC_00001447,1235,sp|Q46899|CASC_ECOLI,30.588,340.0,1.27e-40,149.0,sp|Q46899|CASC_ECOLI CRISPR system Cascade subunit CasC OS=Escherichia coli (strain K12) OX=83333 GN=casC PE=1 SV=1
00000176|gene_cluster_GC_00001597|genome_name_P568_Madre_SD_BE|gene_callers_id_1441,P568_Madre_SD_BE,GC_00001597,1441,Unknown,0.0,0.0,-,0.0,Unknown - no BLAST hit found
00000177|gene_cluster_GC_00001537|genome_name_P568_Madre_SD_BE|gene_callers_id_1376,P568_Madre_SD_BE,GC_00001537,1376,Unknown,0.0,0.0,-,0.0,Unknown - no BLAST hit found
00000178|gene_cluster_GC_00001410|genome_name_P568_Madre_SD_BE|gene_callers_id_152,P568_Madre_SD_BE,GC_00001410,152,sp|P71055|EPSF_BACSU,26.214,309.0,1.7e-31,125.0,sp|P71055|EPSF_BACSU Putative glycosyltransferase EpsF OS=Bacillus subtilis (strain 168) OX=224308 GN=epsF PE=2 SV=1
00000179|gene_cluster_GC_00001512|genome_name_P526_SD_Italy|gene_callers_id_1320,P526_SD_Italy,GC_00001512,1320,Unknown,0.0,0.0,-,0.0,Unknown - no BLAST hit found
00000180|gene_cluster_GC_00001456|genome_name_P568_Madre_SD_BE|gene_callers_id_1425,P568_Madre_SD_BE,GC_00001456,1425,sp|Q9RMZ4|REPS_BACAN,35.119,504.0,2.23e-87,281.0,sp|Q9RMZ4|REPS_BACAN Replication initiation protein OS=Bacillus anthracis OX=1392 GN=repS PE=4 SV=1
00000181|gene_cluster_GC_00001505|genome_name_P568_Madre_SD_BE|gene_callers_id_1417,P568_Madre_SD_BE,GC_00001505,1417,sp|Q44363|TRAA_AGRTU,34.711,121.0,2.25e-15,73.6,sp|Q44363|TRAA_AGRTU Conjugal transfer protein TraA OS=Agrobacterium tumefaciens OX=358 GN=traA PE=3 SV=1
00000182|gene_cluster_GC_00001411|genome_name_P1194_Madre_SD_BE|gene_callers_id_980,P1194_Madre_SD_BE,GC_00001411,980,sp|Q65143|VF859_ASFB7,24.242,429.0,2.48e-19,97.8,sp|Q65143|VF859_ASFB7 Probable helicase A859L OS=African swine fever virus (strain Badajoz 1971 Vero-adapted) OX=10498 GN=Ba71V-040 PE=3 SV=1
00000183|gene_cluster_GC_00001472|genome_name_P1194_Madre_SD_BE|gene_callers_id_147,P1194_Madre_SD_BE,GC_00001472,147,Unknown,0.0,0.0,-,0.0,Unknown - no BLAST hit found
00000184|gene_cluster_GC_00001605|genome_name_P1194_Madre_SD_BE|gene_callers_id_413,P1194_Madre_SD_BE,GC_00001605,413,Unknown,0.0,0.0,-,0.0,Unknown - no BLAST hit found
00000185|gene_cluster_GC_00001426|genome_name_P1194_Madre_SD_BE|gene_callers_id_414,P1194_Madre_SD_BE,GC_00001426,414,sp|F2XG53|CAS3_STRTR,40.294,953.0,0.0,683.0,sp|F2XG53|CAS3_STRTR CRISPR-associated nuclease/helicase Cas3 OS=Streptococcus thermophilus OX=1308 GN=cas3 PE=1 SV=1
00000186|gene_cluster_GC_00001427|genome_name_P1194_Madre_SD_BE|gene_callers_id_978,P1194_Madre_SD_BE,GC_00001427,978,sp|P17212|41KD_LACHE,48.889,45.0,2.03e-05,44.7,sp|P17212|41KD_LACHE 41 kDa protein OS=Lactobacillus helveticus OX=1587 PE=4 SV=1
00000187|gene_cluster_GC_00001431|genome_name_Type_strain|gene_callers_id_1149,Type_strain,GC_00001431,1149,Unknown,0.0,0.0,-,0.0,Unknown - no BLAST hit found
00000188|gene_cluster_GC_00001524|genome_name_Type_strain|gene_callers_id_1010,Type_strain,GC_00001524,1010,Unknown,0.0,0.0,-,0.0,Unknown - no BLAST hit found
00000189|gene_cluster_GC_00001395|genome_name_P1194_Madre_SD_BE|gene_callers_id_1328,P1194_Madre_SD_BE,GC_00001395,1328,Unknown,0.0,0.0,-,0.0,Unknown - no BLAST hit found
00000190|gene_cluster_GC_00001554|genome_name_P1194_Madre_SD_BE|gene_callers_id_1229,P1194_Madre_SD_BE,GC_00001554,1229,sp|P44104|Y1054_HAEIN,38.235,68.0,4.03e-05,43.1,sp|P44104|Y1054_HAEIN Uncharacterized protein HI_1054 OS=Haemophilus influenzae (strain ATCC 51907 / DSM 11121 / KW20 / Rd) OX=71421 GN=HI_1054 PE=4 SV=1
00000191|gene_cluster_GC_00001590|genome_name_P515_SD_Italy|gene_callers_id_1134,P515_SD_Italy,GC_00001590,1134,Unknown,0.0,0.0,-,0.0,Unknown - no BLAST hit found
00000192|gene_cluster_GC_00001606|genome_name_Reference|gene_callers_id_276,Reference,GC_00001606,276,Unknown,0.0,0.0,-,0.0,Unknown - no BLAST hit found
00000193|gene_cluster_GC_00001613|genome_name_P1194_Madre_SD_BE|gene_callers_id_1150,P1194_Madre_SD_BE,GC_00001613,1150,sp|Q57594|T1S1_METJA,21.002,419.0,3.37e-07,55.8,sp|Q57594|T1S1_METJA Type I restriction enzyme MjaVII specificity subunit OS=Methanocaldococcus jannaschii (strain ATCC 43067 / DSM 2661 / JAL-1 / JCM 10045 / NBRC 100440) OX=243232 GN=MJ0130 PE=1 SV=3
00000194|gene_cluster_GC_00001474|genome_name_P568_Madre_SD_BE|gene_callers_id_897,P568_Madre_SD_BE,GC_00001474,897,Unknown,0.0,0.0,-,0.0,Unknown - no BLAST hit found
00000195|gene_cluster_GC_00001480|genome_name_P515_SD_Italy|gene_callers_id_1130,P515_SD_Italy,GC_00001480,1130,sp|P59217|TERL_BPSF5,22.553,470.0,4.6e-19,94.7,sp|P59217|TERL_BPSF5 Putative terminase large subunit OS=Shigella phage SfV OX=55884 GN=2 PE=3 SV=1
00000196|gene_cluster_GC_00001406|genome_name_P568_Madre_SD_BE|gene_callers_id_879,P568_Madre_SD_BE,GC_00001406,879,sp|Q24LJ4|PORTL_BPPCD,23.973,438.0,2.47e-07,56.6,sp|Q24LJ4|PORTL_BPPCD Portal protein OS=Clostridium phage phiCD119 (strain Clostridium difficile/United States/Govind/2006) OX=2883936 PE=3 SV=1
00000197|gene_cluster_GC_00001527|genome_name_Reference|gene_callers_id_172,Reference,GC_00001527,172,Unknown,0.0,0.0,-,0.0,Unknown - no BLAST hit found
00000198|gene_cluster_GC_00001566|genome_name_P568_Madre_SD_BE|gene_callers_id_885,P568_Madre_SD_BE,GC_00001566,885,Unknown,0.0,0.0,-,0.0,Unknown - no BLAST hit found
00000199|gene_cluster_GC_00001414|genome_name_P515_SD_Italy|gene_callers_id_1142,P515_SD_Italy,GC_00001414,1142,sp|P45931|YQBO_BACSU,32.114,246.0,5.72e-14,81.3,sp|P45931|YQBO_BACSU Phage tape measure protein-like protein YqbO OS=Bacillus subtilis (strain 168) OX=224308 GN=yqbO PE=1 SV=2
00000200|gene_cluster_GC_00001571|genome_name_Reference|gene_callers_id_182,Reference,GC_00001571,182,Unknown,0.0,0.0,-,0.0,Unknown - no BLAST hit found
00000201|gene_cluster_GC_00001562|genome_name_P526_SD_Italy|gene_callers_id_1311,P526_SD_Italy,GC_00001562,1311,Unknown,0.0,0.0,-,0.0,Unknown - no BLAST hit found
00000202|gene_cluster_GC_00001500|genome_name_P1194_Madre_SD_BE|gene_callers_id_1022,P1194_Madre_SD_BE,GC_00001500,1022,sp|P39862|CAPM_STAAU,27.132,258.0,2.68e-19,92.0,sp|P39862|CAPM_STAAU Capsular polysaccharide biosynthesis glycosyltransferase CapM OS=Staphylococcus aureus OX=1280 GN=capM PE=3 SV=1
00000203|gene_cluster_GC_00001478|genome_name_Reference|gene_callers_id_174,Reference,GC_00001478,174,sp|Q8Z138|NRDG_SALTI,42.953,149.0,2.29e-37,129.0,sp|Q8Z138|NRDG_SALTI Anaerobic ribonucleoside-triphosphate reductase-activating protein OS=Salmonella typhi OX=90370 GN=nrdG PE=3 SV=1
00000204|gene_cluster_GC_00001467|genome_name_P1194_Madre_SD_BE|gene_callers_id_1234,P1194_Madre_SD_BE,GC_00001467,1234,sp|Q46898|CAS5_ECOLI,31.361,169.0,1.52e-08,57.0,sp|Q46898|CAS5_ECOLI CRISPR system Cascade subunit CasD OS=Escherichia coli (strain K12) OX=83333 GN=casD PE=1 SV=2
00000205|gene_cluster_GC_00001486|genome_name_P527_SD_Italy|gene_callers_id_1337,P527_SD_Italy,GC_00001486,1337,Unknown,0.0,0.0,-,0.0,Unknown - no BLAST hit found
00000206|gene_cluster_GC_00001434|genome_name_P568_Madre_SD_BE|gene_callers_id_1439,P568_Madre_SD_BE,GC_00001434,1439,Unknown,0.0,0.0,-,0.0,Unknown - no BLAST hit found
00000207|gene_cluster_GC_00001508|genome_name_P568_Madre_SD_BE|gene_callers_id_877,P568_Madre_SD_BE,GC_00001508,877,Unknown,0.0,0.0,-,0.0,Unknown - no BLAST hit found
00000208|gene_cluster_GC_00001591|genome_name_Type_strain|gene_callers_id_409,Type_strain,GC_00001591,409,Unknown,0.0,0.0,-,0.0,Unknown - no BLAST hit found
00000209|gene_cluster_GC_00001609|genome_name_P568_Madre_SD_BE|gene_callers_id_1416,P568_Madre_SD_BE,GC_00001609,1416,sp|Q8GN32|MOBA_BIFLO,33.01,103.0,1.26e-06,48.5,sp|Q8GN32|MOBA_BIFLO Probable mobilization protein MobA OS=Bifidobacterium longum (strain NCC 2705) OX=206672 GN=mobA PE=3 SV=1
00000210|gene_cluster_GC_00001530|genome_name_P568_Madre_SD_BE|gene_callers_id_863,P568_Madre_SD_BE,GC_00001530,863,Unknown,0.0,0.0,-,0.0,Unknown - no BLAST hit found
00000211|gene_cluster_GC_00001559|genome_name_P1194_Madre_SD_BE|gene_callers_id_2,P1194_Madre_SD_BE,GC_00001559,2,Unknown,0.0,0.0,-,0.0,Unknown - no BLAST hit found
00000212|gene_cluster_GC_00001560|genome_name_P568_Madre_SD_BE|gene_callers_id_868,P568_Madre_SD_BE,GC_00001560,868,Unknown,0.0,0.0,-,0.0,Unknown - no BLAST hit found
00000213|gene_cluster_GC_00001435|genome_name_P515_SD_Italy|gene_callers_id_1133,P515_SD_Italy,GC_00001435,1133,sp|Q5L6P3|CLPP1_CHLAB,28.177,181.0,4.77e-12,66.2,sp|Q5L6P3|CLPP1_CHLAB ATP-dependent Clp protease proteolytic subunit 1 OS=Chlamydia abortus (strain DSM 27085 / S26/3) OX=218497 GN=clpP1 PE=3 SV=1
00000214|gene_cluster_GC_00001446|genome_name_Reference|gene_callers_id_132,Reference,GC_00001446,132,Unknown,0.0,0.0,-,0.0,Unknown - no BLAST hit found
00000215|gene_cluster_GC_00001487|genome_name_P515_SD_Italy|gene_callers_id_263,P515_SD_Italy,GC_00001487,263,Unknown,0.0,0.0,-,0.0,Unknown - no BLAST hit found
00000216|gene_cluster_GC_00001513|genome_name_P568_Madre_SD_BE|gene_callers_id_165,P568_Madre_SD_BE,GC_00001513,165,Unknown,0.0,0.0,-,0.0,Unknown - no BLAST hit found
00000217|gene_cluster_GC_00001586|genome_name_P1194_Madre_SD_BE|gene_callers_id_1223,P1194_Madre_SD_BE,GC_00001586,1223,sp|P16953|REP_LACPN,60.976,205.0,1.13e-87,264.0,sp|P16953|REP_LACPN Protein rep OS=Lactiplantibacillus plantarum OX=1590 GN=rep PE=3 SV=1
00000218|gene_cluster_GC_00001612|genome_name_P568_Madre_SD_BE|gene_callers_id_1410,P568_Madre_SD_BE,GC_00001612,1410,sp|Q6FDK3|NRTR_ACIAD,24.352,193.0,1.16e-07,54.3,sp|Q6FDK3|NRTR_ACIAD ADPR responsive transcriptional repressor NtrR OS=Acinetobacter baylyi (strain ATCC 33305 / BD413 / ADP1) OX=62977 GN=ACIAD0962 PE=1 SV=1
00000219|gene_cluster_GC_00001449|genome_name_P2800_SD_BE|gene_callers_id_1354,P2800_SD_BE,GC_00001449,1354,Unknown,0.0,0.0,-,0.0,Unknown - no BLAST hit found
00000220|gene_cluster_GC_00001538|genome_name_Type_strain|gene_callers_id_909,Type_strain,GC_00001538,909,Unknown,0.0,0.0,-,0.0,Unknown - no BLAST hit found
00000221|gene_cluster_GC_00001501|genome_name_P568_Madre_SD_BE|gene_callers_id_148,P568_Madre_SD_BE,GC_00001501,148,Unknown,0.0,0.0,-,0.0,Unknown - no BLAST hit found
00000222|gene_cluster_GC_00001607|genome_name_P515_SD_Italy|gene_callers_id_257,P515_SD_Italy,GC_00001607,257,Unknown,0.0,0.0,-,0.0,Unknown - no BLAST hit found
00000223|gene_cluster_GC_00001393|genome_name_P568_Madre_SD_BE|gene_callers_id_1437,P568_Madre_SD_BE,GC_00001393,1437,sp|Q5XBW6|GLS24_STRP6,56.098,164.0,6.86e-56,177.0,sp|Q5XBW6|GLS24_STRP6 Stress response regulator gls24 homolog OS=Streptococcus pyogenes serotype M6 (strain ATCC BAA-946 / MGAS10394) OX=286636 GN=M6_Spy0962 PE=1 SV=1
00000224|gene_cluster_GC_00001312|genome_name_Reference|gene_callers_id_34,Reference,GC_00001312,34,sp|Q06715|ADPR_LACLL,33.333,120.0,1.05e-13,75.1,sp|Q06715|ADPR_LACLL ATP-dependent protease OS=Lactococcus lactis subsp. lactis OX=1360 PE=4 SV=1
00000225|gene_cluster_GC_00001312|genome_name_Reference|gene_callers_id_226,Reference,GC_00001312,226,sp|Q06715|ADPR_LACLL,33.333,120.0,1.05e-13,75.1,sp|Q06715|ADPR_LACLL ATP-dependent protease OS=Lactococcus lactis subsp. lactis OX=1360 PE=4 SV=1
00000226|gene_cluster_GC_00001312|genome_name_Reference|gene_callers_id_444,Reference,GC_00001312,444,sp|Q06715|ADPR_LACLL,33.333,120.0,1.05e-13,75.1,sp|Q06715|ADPR_LACLL ATP-dependent protease OS=Lactococcus lactis subsp. lactis OX=1360 PE=4 SV=1
00000227|gene_cluster_GC_00001312|genome_name_Reference|gene_callers_id_813,Reference,GC_00001312,813,sp|Q06715|ADPR_LACLL,33.333,120.0,1.05e-13,75.1,sp|Q06715|ADPR_LACLL ATP-dependent protease OS=Lactococcus lactis subsp. lactis OX=1360 PE=4 SV=1
00000228|gene_cluster_GC_00001536|genome_name_Type_strain|gene_callers_id_1009,Type_strain,GC_00001536,1009,Unknown,0.0,0.0,-,0.0,Unknown - no BLAST hit found
00000229|gene_cluster_GC_00001448|genome_name_Reference|gene_callers_id_177,Reference,GC_00001448,177,sp|Q9K7A0|CSD_HALH5,46.615,384.0,3.07e-127,375.0,sp|Q9K7A0|CSD_HALH5 Probable cysteine desulfurase OS=Halalkalibacterium halodurans (strain ATCC BAA-125 / DSM 18197 / FERM 7344 / JCM 9153 / C-125) OX=272558 GN=csd PE=3 SV=2
00000230|gene_cluster_GC_00001546|genome_name_P568_Madre_SD_BE|gene_callers_id_862,P568_Madre_SD_BE,GC_00001546,862,Unknown,0.0,0.0,-,0.0,Unknown - no BLAST hit found
00000231|gene_cluster_GC_00001565|genome_name_P516_SD_Italy|gene_callers_id_1292,P516_SD_Italy,GC_00001565,1292,Unknown,0.0,0.0,-,0.0,Unknown - no BLAST hit found
00000232|gene_cluster_GC_00001544|genome_name_P568_Madre_SD_BE|gene_callers_id_869,P568_Madre_SD_BE,GC_00001544,869,Unknown,0.0,0.0,-,0.0,Unknown - no BLAST hit found
00000233|gene_cluster_GC_00001596|genome_name_P515_SD_Italy|gene_callers_id_1217,P515_SD_Italy,GC_00001596,1217,Unknown,0.0,0.0,-,0.0,Unknown - no BLAST hit found
00000234|gene_cluster_GC_00001444|genome_name_P568_Madre_SD_BE|gene_callers_id_867,P568_Madre_SD_BE,GC_00001444,867,sp|E7DNB6|TMP_BPDP1,22.26,1186.0,1.33e-49,196.0,sp|E7DNB6|TMP_BPDP1 Tape measure protein OS=Pneumococcus phage Dp-1 OX=59241 GN=TMP PE=4 SV=1
