key,percentage_identity_P1210_SD_BE,percentage_identity_P2216_UniAntwerpt_BE,percentage_identity_P2297_SD_Lesaf_BE,percentage_identity_P2301_SD_Lale_BE,percentage_identity_P2496_SD_IT,percentage_identity_P2500_SD_IT,percentage_identity_P2531_SD_IT,percentage_identity_P2593_Unknown_BE,percentage_identity_P2599_Fresh_Strawberry_BE,percentage_identity_P2605_Fresh_Strawberry_BE,percentage_identity_P2694_LMG_BE,percentage_identity_P2695_Unknown_BE,percentage_identity_P2710_SD_BE,percentage_identity_P2771_Cococa_Vietnam_BE,percentage_identity_P2795_Unknown_BE,percentage_identity_P2796_Unknown_BE,percentage_identity_P2928_Oganic_Rye_SD_BE,percentage_identity_P2929_Organic_Rye_SD_BE,percentage_identity_P2933_Rye_SD_BE,percentage_identity_P2934_Rye_SD_BE,percentage_identity_P3349_Bambara_BE,percentage_identity_P3350_Sorghum_seso_BE,percentage_identity_P3351_Finger_millet_BE,percentage_identity_P3352_Finger_millet_BE,percentage_identity_P3353_Maize_BE,percentage_identity_P3354_OFSP_BE,percentage_identity_P3401_Brown_teff_BE,percentage_identity_P950_Fermented_Rice_BE,percentage_identity_Reference,full_percentage_identity_P1210_SD_BE,full_percentage_identity_P2216_UniAntwerpt_BE,full_percentage_identity_P2297_SD_Lesaf_BE,full_percentage_identity_P2301_SD_Lale_BE,full_percentage_identity_P2496_SD_IT,full_percentage_identity_P2500_SD_IT,full_percentage_identity_P2531_SD_IT,full_percentage_identity_P2593_Unknown_BE,full_percentage_identity_P2599_Fresh_Strawberry_BE,full_percentage_identity_P2605_Fresh_Strawberry_BE,full_percentage_identity_P2694_LMG_BE,full_percentage_identity_P2695_Unknown_BE,full_percentage_identity_P2710_SD_BE,full_percentage_identity_P2771_Cococa_Vietnam_BE,full_percentage_identity_P2795_Unknown_BE,full_percentage_identity_P2796_Unknown_BE,full_percentage_identity_P2928_Oganic_Rye_SD_BE,full_percentage_identity_P2929_Organic_Rye_SD_BE,full_percentage_identity_P2933_Rye_SD_BE,full_percentage_identity_P2934_Rye_SD_BE,full_percentage_identity_P3349_Bambara_BE,full_percentage_identity_P3350_Sorghum_seso_BE,full_percentage_identity_P3351_Finger_millet_BE,full_percentage_identity_P3352_Finger_millet_BE,full_percentage_identity_P3353_Maize_BE,full_percentage_identity_P3354_OFSP_BE,full_percentage_identity_P3401_Brown_teff_BE,full_percentage_identity_P950_Fermented_Rice_BE,full_percentage_identity_Reference,alignment_coverage_P1210_SD_BE,alignment_coverage_P2216_UniAntwerpt_BE,alignment_coverage_P2297_SD_Lesaf_BE,alignment_coverage_P2301_SD_Lale_BE,alignment_coverage_P2496_SD_IT,alignment_coverage_P2500_SD_IT,alignment_coverage_P2531_SD_IT,alignment_coverage_P2593_Unknown_BE,alignment_coverage_P2599_Fresh_Strawberry_BE,alignment_coverage_P2605_Fresh_Strawberry_BE,alignment_coverage_P2694_LMG_BE,alignment_coverage_P2695_Unknown_BE,alignment_coverage_P2710_SD_BE,alignment_coverage_P2771_Cococa_Vietnam_BE,alignment_coverage_P2795_Unknown_BE,alignment_coverage_P2796_Unknown_BE,alignment_coverage_P2928_Oganic_Rye_SD_BE,alignment_coverage_P2929_Organic_Rye_SD_BE,alignment_coverage_P2933_Rye_SD_BE,alignment_coverage_P2934_Rye_SD_BE,alignment_coverage_P3349_Bambara_BE,alignment_coverage_P3350_Sorghum_seso_BE,alignment_coverage_P3351_Finger_millet_BE,alignment_coverage_P3352_Finger_millet_BE,alignment_coverage_P3353_Maize_BE,alignment_coverage_P3354_OFSP_BE,alignment_coverage_P3401_Brown_teff_BE,alignment_coverage_P950_Fermented_Rice_BE,alignment_coverage_Reference,hadamard_P1210_SD_BE,hadamard_P2216_UniAntwerpt_BE,hadamard_P2297_SD_Lesaf_BE,hadamard_P2301_SD_Lale_BE,hadamard_P2496_SD_IT,hadamard_P2500_SD_IT,hadamard_P2531_SD_IT,hadamard_P2593_Unknown_BE,hadamard_P2599_Fresh_Strawberry_BE,hadamard_P2605_Fresh_Strawberry_BE,hadamard_P2694_LMG_BE,hadamard_P2695_Unknown_BE,hadamard_P2710_SD_BE,hadamard_P2771_Cococa_Vietnam_BE,hadamard_P2795_Unknown_BE,hadamard_P2796_Unknown_BE,hadamard_P2928_Oganic_Rye_SD_BE,hadamard_P2929_Organic_Rye_SD_BE,hadamard_P2933_Rye_SD_BE,hadamard_P2934_Rye_SD_BE,hadamard_P3349_Bambara_BE,hadamard_P3350_Sorghum_seso_BE,hadamard_P3351_Finger_millet_BE,hadamard_P3352_Finger_millet_BE,hadamard_P3353_Maize_BE,hadamard_P3354_OFSP_BE,hadamard_P3401_Brown_teff_BE,hadamard_P950_Fermented_Rice_BE,hadamard_Reference,alignment_lengths_P1210_SD_BE,alignment_lengths_P2216_UniAntwerpt_BE,alignment_lengths_P2297_SD_Lesaf_BE,alignment_lengths_P2301_SD_Lale_BE,alignment_lengths_P2496_SD_IT,alignment_lengths_P2500_SD_IT,alignment_lengths_P2531_SD_IT,alignment_lengths_P2593_Unknown_BE,alignment_lengths_P2599_Fresh_Strawberry_BE,alignment_lengths_P2605_Fresh_Strawberry_BE,alignment_lengths_P2694_LMG_BE,alignment_lengths_P2695_Unknown_BE,alignment_lengths_P2710_SD_BE,alignment_lengths_P2771_Cococa_Vietnam_BE,alignment_lengths_P2795_Unknown_BE,alignment_lengths_P2796_Unknown_BE,alignment_lengths_P2928_Oganic_Rye_SD_BE,alignment_lengths_P2929_Organic_Rye_SD_BE,alignment_lengths_P2933_Rye_SD_BE,alignment_lengths_P2934_Rye_SD_BE,alignment_lengths_P3349_Bambara_BE,alignment_lengths_P3350_Sorghum_seso_BE,alignment_lengths_P3351_Finger_millet_BE,alignment_lengths_P3352_Finger_millet_BE,alignment_lengths_P3353_Maize_BE,alignment_lengths_P3354_OFSP_BE,alignment_lengths_P3401_Brown_teff_BE,alignment_lengths_P950_Fermented_Rice_BE,alignment_lengths_Reference,similarity_errors_P1210_SD_BE,similarity_errors_P2216_UniAntwerpt_BE,similarity_errors_P2297_SD_Lesaf_BE,similarity_errors_P2301_SD_Lale_BE,similarity_errors_P2496_SD_IT,similarity_errors_P2500_SD_IT,similarity_errors_P2531_SD_IT,similarity_errors_P2593_Unknown_BE,similarity_errors_P2599_Fresh_Strawberry_BE,similarity_errors_P2605_Fresh_Strawberry_BE,similarity_errors_P2694_LMG_BE,similarity_errors_P2695_Unknown_BE,similarity_errors_P2710_SD_BE,similarity_errors_P2771_Cococa_Vietnam_BE,similarity_errors_P2795_Unknown_BE,similarity_errors_P2796_Unknown_BE,similarity_errors_P2928_Oganic_Rye_SD_BE,similarity_errors_P2929_Organic_Rye_SD_BE,similarity_errors_P2933_Rye_SD_BE,similarity_errors_P2934_Rye_SD_BE,similarity_errors_P3349_Bambara_BE,similarity_errors_P3350_Sorghum_seso_BE,similarity_errors_P3351_Finger_millet_BE,similarity_errors_P3352_Finger_millet_BE,similarity_errors_P3353_Maize_BE,similarity_errors_P3354_OFSP_BE,similarity_errors_P3401_Brown_teff_BE,similarity_errors_P950_Fermented_Rice_BE,similarity_errors_Reference
P1210_SD_BE,1.0,0.9928766713947992,0.9933098225419664,0.9933072397325694,0.9957312848651122,0.982074257086999,0.999890802279702,0.9994884753954304,0.9949486321195146,0.9949464939309058,0.9743706206896552,0.9942645306691452,0.9948791021530003,0.9698299354518372,0.9957923368022706,0.9958624083295609,0.993932942583732,0.9949594428152494,0.9968673284870514,0.9965247569608308,0.9949457870154136,0.9713673999035214,0.9699218851251842,0.970235710102489,0.971381793635487,0.9912321120075938,0.9713808244937318,0.9970132128146456,0.9765422314453124,1.0,0.8781336583596832,0.8659475428296387,0.869696758553779,0.9108751110604364,0.8370883955538541,0.9553134352713664,0.9524578242980896,0.891072244478147,0.8910280856021843,0.821413770041795,0.8946786033912749,0.9085547778631644,0.8141597534262376,0.8790076319229949,0.9198650086318674,0.8680255676044735,0.8515033676893607,0.9183995905570764,0.8826615177107916,0.8906037831938182,0.8392206968520919,0.823821818447627,0.8274567416225078,0.8397180427082368,0.8727700397279442,0.8396923788266302,0.9125742676542656,0.8363687728129747,1.0,0.8844337707381882,0.8717799050990993,0.8755566493081534,0.9147800464899816,0.8523677201730163,0.9554177647132052,0.952945279255237,0.8955962305108333,0.8955537720243093,0.843019845426376,0.8998396058533352,0.9132313422776464,0.8394871344602558,0.8827218280728093,0.9236868476387516,0.8733240749099612,0.8558171630393516,0.9212856759494108,0.885739678362537,0.8951279505041224,0.8639580625574271,0.8493692441441296,0.8528409467995164,0.8644572589378205,0.8804900781112487,0.864431701402243,0.9153080981524788,0.856459399175316,1.0,0.8781336583596832,0.8659475428296387,0.869696758553779,0.9108751110604364,0.8370883955538541,0.9553134352713664,0.9524578242980896,0.891072244478147,0.8910280856021843,0.821413770041795,0.8946786033912749,0.9085547778631644,0.8141597534262376,0.8790076319229949,0.9198650086318674,0.8680255676044735,0.8515033676893607,0.9183995905570764,0.8826615177107916,0.8906037831938182,0.8392206968520919,0.823821818447627,0.8274567416225078,0.8397180427082368,0.8727700397279442,0.8396923788266302,0.9125742676542656,0.8363687728129747,2425899.0,2145547.0,2114850.0,2124012.0,2219164.0,2067758.0,2317747.0,2311749.0,2172626.0,2172523.0,2045081.0,2182920.0,2215407.0,2036511.0,2141394.0,2240771.0,2118596.0,2076126.0,2234946.0,2148715.0,2171490.0,2095875.0,2060484.0,2068906.0,2097086.0,2135980.0,2097024.0,2220445.0,2077684.0,0.0,15033.0,13927.0,13998.0,9151.0,36986.0,248.0,1053.0,10710.0,10714.0,52064.0,12320.0,11025.0,61289.0,8723.0,8937.0,12826.0,10332.0,6818.0,7238.0,10711.0,59759.0,61865.0,61337.0,59758.0,18333.0,59760.0,6583.0,48609.0
P2216_UniAntwerpt_BE,0.9922393929564411,1.0,0.9957325710357472,0.9957227380410024,0.9918460167130918,0.9828341643192487,0.9926278046511628,0.9925765316573558,0.9917675035327368,0.9917693267419962,0.97592998046875,0.9933867369385886,0.991793542937588,0.9690841922695738,0.9912385273972604,0.9914050579508578,0.9931856867356538,0.9936606393362618,0.9923409745958428,0.9922151656265004,0.991711872060207,0.9717955784925588,0.970326186770428,0.9707465676728334,0.9718092562380036,0.992289019248396,0.971808339731286,0.9924550825861256,0.9756695791001452,0.9069341974150156,1.0,0.925680168841934,0.9303740279928726,0.9052588348345876,0.8849389824130185,0.9048961440301532,0.903994447068612,0.8905540469836707,0.890962815603175,0.8423447727397626,0.9173600880216328,0.8934324713146076,0.8354416936218143,0.8608847940408557,0.9055992080737147,0.8987881327240267,0.8687416988725073,0.909521794851926,0.8752135499114698,0.8914951290694678,0.8546692120239019,0.8447788660147674,0.8438916568563383,0.8547332227852382,0.9176712001685486,0.8547315915891643,0.8924720599216311,0.8622447106574999,0.9140276064959956,1.0,0.9296473729678788,0.934370575711972,0.9127009833991692,0.900395015293311,0.9116167608745948,0.9107554110302872,0.8979463874461125,0.8983568976971945,0.8631200901679187,0.9234672196739266,0.9008250534363784,0.8620940267999092,0.8684940811383912,0.9134502601242568,0.9049547780718754,0.8742841011120286,0.9165416103294058,0.8820803997274586,0.89894570609249,0.8794742751862048,0.8706132819381858,0.8693223184702019,0.8795277646294689,0.9248023331585729,0.8795269155906869,0.8992568788060816,0.8837466383370727,0.9069341974150156,1.0,0.925680168841934,0.9303740279928726,0.9052588348345876,0.8849389824130185,0.9048961440301532,0.903994447068612,0.8905540469836707,0.890962815603175,0.8423447727397626,0.9173600880216328,0.8934324713146076,0.8354416936218143,0.8608847940408557,0.9055992080737147,0.8987881327240267,0.8687416988725073,0.909521794851926,0.8752135499114698,0.8914951290694678,0.8546692120239019,0.8447788660147674,0.8438916568563383,0.8547332227852382,0.9176712001685486,0.8547315915891643,0.8924720599216311,0.8622447106574999,2153088.0,2355605.0,2189882.0,2201008.0,2149963.0,2120975.0,2147409.0,2145380.0,2115207.0,2116174.0,2033170.0,2175324.0,2121988.0,2030753.0,2045829.0,2151728.0,2131716.0,2059468.0,2159010.0,2077833.0,2117561.0,2071694.0,2050821.0,2047780.0,2071820.0,2178469.0,2071818.0,2118294.0,2081758.0,16019.0,0.0,8516.0,8593.0,17333.0,36542.0,15405.0,15455.0,17329.0,17333.0,49039.0,14230.0,17345.0,62393.0,16907.0,17634.0,14096.0,12866.0,16269.0,15276.0,17346.0,58328.0,60905.0,59825.0,58328.0,16280.0,58330.0,15131.0,50743.0
P2297_SD_Lesaf_BE,0.993195098406748,0.9965716371077764,1.0,0.9999979023972604,0.9926036839600192,0.9819998540856032,0.993245919324578,0.9930940215861098,0.9910970089919546,0.9910969602272728,0.9759691156126484,0.9925789018691588,0.991125231568998,0.9697452600297176,0.9928096775793652,0.9926591194669204,0.9933814461247638,0.9933184137931034,0.9929544370860928,0.9932156870415648,0.9910946142924753,0.9715451260911736,0.970318787878788,0.9705396573666178,0.9721432830004872,0.9929366697247708,0.9721145520934764,0.9931846688432836,0.9770197664233576,0.9051263922333552,0.9370351675059077,1.0,0.9972616824338816,0.8915625704692308,0.8587847990635867,0.9045785851691815,0.9040773702453854,0.8947051524519326,0.89437688583548,0.8400957620308042,0.9077003529930796,0.8956305115771512,0.8397606304533686,0.8577395156389263,0.8910066999897789,0.8992521805584479,0.8677481548370451,0.8972979185730889,0.8688733941834551,0.8947029906555157,0.8512576681833219,0.8472479126225053,0.8461526179848103,0.850302231081912,0.924944098984992,0.8506056922707378,0.91034848960804,0.8630992502041803,0.9113278888360709,0.9402587155955452,1.0,0.9972637742971068,0.8982059858092789,0.8745264019038483,0.9107297272203329,0.9103643266338948,0.9027422586633954,0.9024110876400898,0.8607810929585082,0.9144868496436488,0.9036501978254814,0.865960025860435,0.8639516062436434,0.8975958438464444,0.9052435839892928,0.8735850889177083,0.9036647453898128,0.8748083679301512,0.9027422586633954,0.876189530802542,0.8731644931607193,0.8718372418502619,0.8746675988517693,0.931523758953705,0.8750056157877014,0.9165953907326024,0.8833999882763747,0.9051263922333552,0.9370351675059077,1.0,0.9972616824338816,0.8915625704692308,0.8587847990635867,0.9045785851691815,0.9040773702453854,0.8947051524519326,0.89437688583548,0.8400957620308042,0.9077003529930796,0.8956305115771512,0.8397606304533686,0.8577395156389263,0.8910066999897789,0.8992521805584479,0.8677481548370451,0.8972979185730889,0.8688733941834551,0.8947029906555157,0.8512576681833219,0.8472479126225053,0.8461526179848103,0.850302231081912,0.924944098984992,0.8506056922707378,0.91034848960804,0.8630992502041803,2129920.0,2197536.0,2337161.0,2330766.0,2099252.0,2043909.0,2128522.0,2127668.0,2109854.0,2109080.0,2011784.0,2137303.0,2111976.0,2023888.0,2019194.0,2097826.0,2115700.0,2041709.0,2112010.0,2044568.0,2109854.0,2047796.0,2040726.0,2037624.0,2044239.0,2177121.0,2045029.0,2142231.0,2064648.0,13974.0,7374.0,0.0,5.0,15288.0,35938.0,13807.0,14066.0,18666.0,18656.0,48518.0,15454.0,18653.0,60746.0,14419.0,14981.0,13691.0,13372.0,14525.0,12862.0,18666.0,57619.0,60545.0,59971.0,57241.0,14797.0,57316.0,14269.0,47633.0
P2301_SD_Lale_BE,0.992932994402985,0.99656741026806,0.9999978888410168,1.0,0.9924333586698336,0.981762761302868,0.9929016425571628,0.9927476470588236,0.9908225815602836,0.9908203593380616,0.9760197297297296,0.992644888164026,0.99084857884797,0.9701382181638698,0.9924856240749876,0.992448288973384,0.9932086224729666,0.993355034448819,0.9927840340103922,0.992929351851852,0.9908177352245864,0.971697234866828,0.9708551417399804,0.9707055615234376,0.9722951848249026,0.9929681505277652,0.972293793774319,0.9930910293432698,0.9768203200775945,0.9102307855745884,0.9406395077206922,0.9947774740306302,1.0,0.8942537934444942,0.8600580308322305,0.9095662966515322,0.9090842287520144,0.8968991323973388,0.8970006642699422,0.8458263298985986,0.9114113009807128,0.8977790448983677,0.8429290252056275,0.8625794959856544,0.8936232874902063,0.9049824261440084,0.8697171941752031,0.8995488620397426,0.872362575927475,0.8969507606190915,0.8539208215371685,0.8485873707819346,0.8488374493928323,0.8529650748579369,0.9268535433071622,0.8529634381078212,0.9129905918874868,0.8655141943765227,0.9167091744411996,0.9438794586586732,0.9947795741684644,1.0,0.9010718811820974,0.8760344807648572,0.9160688810112096,0.9157253924955896,0.9052065920671284,0.9053110948075416,0.8666078196316964,0.918164503588427,0.9060708811251348,0.8688751864667238,0.8691103176326531,0.900423021953713,0.9111705291993076,0.8755350947184573,0.9060871561420843,0.87857466827875,0.9052631263365324,0.87879309613781,0.8740617773946011,0.8744540909610697,0.877269668893346,0.9334171924996156,0.8772692406034263,0.9193423008676724,0.8860526102771592,0.9102307855745884,0.9406395077206922,0.9947774740306302,1.0,0.8942537934444942,0.8600580308322305,0.9095662966515322,0.9090842287520144,0.8968991323973388,0.8970006642699422,0.8458263298985986,0.9114113009807128,0.8977790448983677,0.8429290252056275,0.8625794959856544,0.8936232874902063,0.9049824261440084,0.8697171941752031,0.8995488620397426,0.872362575927475,0.8969507606190915,0.8539208215371685,0.8485873707819346,0.8488374493928323,0.8529650748579369,0.9268535433071622,0.8529634381078212,0.9129905918874868,0.8655141943765227,2140394.0,2203833.0,2322678.0,2334867.0,2103883.0,2045424.0,2138899.0,2138097.0,2113537.0,2113781.0,2023414.0,2143792.0,2115555.0,2028708.0,2029257.0,2102368.0,2127462.0,2044258.0,2115593.0,2051355.0,2113669.0,2051865.0,2040818.0,2041734.0,2048308.0,2179405.0,2048307.0,2146542.0,2068815.0,14598.0,7405.0,5.0,0.0,15586.0,36261.0,14569.0,14816.0,19038.0,19043.0,48560.0,15503.0,19030.0,60355.0,15031.0,15349.0,14055.0,13385.0,14901.0,13562.0,19048.0,57271.0,59491.0,59631.0,56893.0,14828.0,56896.0,14518.0,47965.0
P2496_SD_IT,0.994338680158381,0.9914730251716248,0.9913954027319832,0.9913912400187884,1.0,0.9799527605372856,0.9954255951850202,0.9955093691275168,0.9934953215077604,0.9934906921029284,0.9743637271853984,0.9917157976827096,0.993534217717056,0.9676086512996568,0.9960036297640654,0.9968041002949852,0.9910923724137932,0.9919254029990628,0.9946551731509192,0.9949549751693004,0.9934841259982256,0.9703233364355514,0.9678300429389312,0.9692800902184234,0.970323862261517,0.9890793707250342,0.9703225500232666,0.9949698730297724,0.9760389125181248,0.9118656662513696,0.874874117119838,0.8531380206743334,0.8553505441322022,1.0,0.8504292465226782,0.9015494572914016,0.8994348978258141,0.9051919565558072,0.904773691411916,0.81292178170088,0.8962078273306024,0.9079060705559,0.8053165577661686,0.8902892453616775,0.9538789661139082,0.8728678697833824,0.8588979281595241,0.938016173097004,0.8897564175417101,0.9047337138625277,0.8362292486800651,0.8181356580236735,0.8220509204231617,0.8362289112387893,0.8740364631915923,0.8362273850469594,0.9212886379698412,0.824985791999131,0.917057421628338,0.8823983052573686,0.8605426435540708,0.862777992789196,1.0,0.8678267777483551,0.905692461247021,0.9034921475566782,0.9111184893976738,0.910701729370786,0.8343103904833683,0.90369421302426,0.9138145967856924,0.832275069765547,0.8938614466420874,0.9569372415619336,0.8807129325973153,0.8658896380339356,0.9430566475872324,0.894268021917585,0.9106675086061148,0.8618047379463467,0.8453298840975292,0.8481046177662803,0.8618039231662356,0.8836868800032591,0.8618035157761799,0.9259462652516652,0.8452386287250728,0.9118656662513696,0.874874117119838,0.8531380206743334,0.8553505441322022,1.0,0.8504292465226782,0.9015494572914016,0.8994348978258141,0.9051919565558072,0.904773691411916,0.81292178170088,0.8962078273306024,0.9079060705559,0.8053165577661686,0.8902892453616775,0.9538789661139082,0.8728678697833824,0.8588979281595241,0.938016173097004,0.8897564175417101,0.9047337138625277,0.8362292486800651,0.8181356580236735,0.8220509204231617,0.8362289112387893,0.8740364631915923,0.8362273850469594,0.9212886379698412,0.824985791999131,2251055.0,2165979.0,2112331.0,2117818.0,2454650.0,2130211.0,2223158.0,2217757.0,2236477.0,2235454.0,2047940.0,2218253.0,2243095.0,2042944.0,2194117.0,2348946.0,2161842.0,2125456.0,2314874.0,2195115.0,2235370.0,2115429.0,2074989.0,2081800.0,2115427.0,2169142.0,2115426.0,2272874.0,2074765.0,10966.0,17404.0,16640.0,16666.0,0.0,41010.0,8301.0,8132.0,12891.0,12895.0,52004.0,16802.0,12893.0,65249.0,7040.0,5946.0,17627.0,15651.0,10776.0,8908.0,12906.0,61890.0,65607.0,63260.0,61889.0,22146.0,61892.0,10035.0,49324.0
P2500_SD_IT,0.981432943661972,0.9829339363174896,0.9825142231842232,0.9825038774533268,0.9805611900369005,1.0,0.9815298682352942,0.9815597264150944,0.98271702690167,0.982709006960557,0.9745068038277512,0.98251530148423,0.982943482678984,0.9710352644230767,0.982487717287488,0.9814513962946227,0.9830351827857472,0.9829078471214322,0.9815723972286374,0.981804099378882,0.9827148515769945,0.9728911687087652,0.9721056095238096,0.972863399339934,0.97276090136857,0.9819001897533208,0.972758150070788,0.9823116476733142,0.9757479422894986,0.803190299888849,0.8217645291404955,0.7864817770865972,0.7900307369676993,0.8169963823983781,1.0,0.8023895119604254,0.8006651230372592,0.8150852451599367,0.8146267128110568,0.780379987761743,0.8121298412278438,0.8169860310583337,0.7799006715869111,0.7906138607450572,0.8342511652476329,0.8172714086184902,0.7827329480280509,0.8160132087549428,0.7892021410208913,0.8148777957798251,0.7922554344015622,0.786554727140685,0.7913783006445224,0.7912695255162103,0.7967506994577012,0.7912672875375997,0.7972369241558859,0.7973658882000615,0.8183853059710275,0.8360323097798343,0.8004787702082257,0.804099357872742,0.8331926561030147,1.0,0.8174886347606032,0.8157069829683129,0.82942009026724,0.8289602588772788,0.8007948068669194,0.8265823850285134,0.8311627732976691,0.8031641075880752,0.8047061014949196,0.8500178087241705,0.8313755427374309,0.7963441845747612,0.8313326770993836,0.8038285249778073,0.8292108280160457,0.8143309959869969,0.8091247694023517,0.8134526400946474,0.8134265310242004,0.811437565418809,0.8134265310242004,0.8115926610910162,0.8171842887304679,0.803190299888849,0.8217645291404955,0.7864817770865972,0.7900307369676993,0.8169963823983781,1.0,0.8023895119604254,0.8006651230372592,0.8150852451599367,0.8146267128110568,0.780379987761743,0.8121298412278438,0.8169860310583337,0.7799006715869111,0.7906138607450572,0.8342511652476329,0.8172714086184902,0.7827329480280509,0.8160132087549428,0.7892021410208913,0.8148777957798251,0.7922554344015622,0.786554727140685,0.7913783006445224,0.7912695255162103,0.7967506994577012,0.7912672875375997,0.7972369241558859,0.7973658882000615,2100106.0,2145391.0,2054155.0,2063446.0,2138104.0,2566158.0,2097805.0,2093233.0,2128423.0,2127243.0,2054966.0,2121141.0,2132895.0,2061046.0,2065003.0,2181280.0,2133441.0,2043545.0,2133331.0,2062751.0,2127886.0,2089702.0,2076342.0,2087448.0,2087381.0,2082277.0,2087381.0,2082675.0,2097024.0,38965.0,36922.0,36102.0,36304.0,41643.0,0.0,38600.0,38444.0,36755.0,36755.0,52362.0,37180.0,36405.0,58883.0,36116.0,40196.0,36120.0,34978.0,39066.0,37074.0,36758.0,56377.0,57802.0,56118.0,56546.0,37516.0,56552.0,36724.0,50795.0
P2531_SD_IT,0.9999796629213484,0.9928962236780534,0.9928281067044382,0.9928121156558531,0.996367556869882,0.9816571684414328,1.0,0.9999858188908146,0.9948819824804058,0.9948786162361624,0.975426408977556,0.9941929227941176,0.994904152854512,0.9689549703264096,0.99612409328891,0.9962063903985506,0.99357561238855,0.9949148648648648,0.99655599909991,0.9966761165961447,0.9949168975069252,0.9712390957190958,0.969595468826706,0.9695654356243948,0.9712529903846157,0.9905784626168224,0.9712516057692308,0.997618590909091,0.9762346045608928,0.9988486319800176,0.9164600631574144,0.9070982388667546,0.9107046425861892,0.9453838763063804,0.8721152970795039,1.0,0.9960067665000806,0.9298603875470928,0.9293388768849732,0.8388855229097952,0.932385523034246,0.9309435266717202,0.8459668041497269,0.9020572046449288,0.9497769813614348,0.9128102651043848,0.891582936487894,0.956268754798983,0.9154624993600108,0.9289708781740244,0.8692208471328201,0.8513674194721691,0.8604246193559869,0.8696625102229878,0.9125700823821672,0.8696353831851817,0.9481448532379052,0.869200232595638,0.998868946056336,0.9230169692483156,0.9136508452382028,0.9172980750588204,0.9488304489523242,0.8884112754599984,1.0,0.9960208911810894,0.9346439114605298,0.934122878629013,0.8600192850930873,0.9378315834454284,0.935711770828094,0.8730713294806136,0.9055670982383328,0.9533937851788514,0.9187124298572448,0.8961399291274978,0.959573526889292,0.9185155379126616,0.9337170576777326,0.8949607269353769,0.8780645607826498,0.8874332641632157,0.8954026590730001,0.9212496705928984,0.8953760055783185,0.950408163879442,0.8903599898372804,0.9988486319800176,0.9164600631574144,0.9070982388667546,0.9107046425861892,0.9453838763063804,0.8721152970795039,1.0,0.9960067665000806,0.9298603875470928,0.9293388768849732,0.8388855229097952,0.932385523034246,0.9309435266717202,0.8459668041497269,0.9020572046449288,0.9497769813614348,0.9128102651043848,0.891582936487894,0.956268754798983,0.9154624993600108,0.9289708781740244,0.8692208471328201,0.8513674194721691,0.8604246193559869,0.8696625102229878,0.9125700823821672,0.8696353831851817,0.9481448532379052,0.869200232595638,2323518.0,2147075.0,2125288.0,2133772.0,2207121.0,2066577.0,2326149.0,2316893.0,2174121.0,2172909.0,2000533.0,2181536.0,2176605.0,2030894.0,2106484.0,2217736.0,2137062.0,2084555.0,2232111.0,2136604.0,2171965.0,2081812.0,2042509.0,2064302.0,2082840.0,2142964.0,2082778.0,2210791.0,2071110.0,48.0,14740.0,14352.0,14461.0,7424.0,37267.0,0.0,31.0,10600.0,10602.0,48966.0,11833.0,10583.0,62833.0,7165.0,7866.0,13270.0,10403.0,7184.0,6675.0,10577.0,59561.0,61894.0,62180.0,59561.0,19228.0,59564.0,4908.0,49298.0
P2593_Unknown_BE,0.9996200128755366,0.9923532370749883,0.9927172517647058,0.992727175644028,0.9959418834688348,0.9809764128352492,0.9997070987124465,1.0,0.9943442006413196,0.9943453525641028,0.9745119488188976,0.9938852578731172,0.9942892563868614,0.9686484270216962,0.9956559080132764,0.9957629784366576,0.993448645100797,0.9944895213020584,0.9959739722966936,0.9962231633130556,0.9943413055428312,0.9709107132667616,0.9694154788526982,0.9696150795947902,0.9709115739419876,0.990651976744186,0.97091384213029,0.9970977451423408,0.9759109544573644,0.9902535779421524,0.9069678052061296,0.8983718948351942,0.9022966873760564,0.9372353878317736,0.8682759622176274,0.9902892047948312,1.0,0.922495230520559,0.9224637059648698,0.8364848451359138,0.9243021117046002,0.9250210936882964,0.8393697566515189,0.8934910345006216,0.942277089369136,0.902466938615184,0.8868497579644918,0.9478307968621262,0.906819422998416,0.9221302108142316,0.8645194417328382,0.8460900478794051,0.8522975879946632,0.8646276695300074,0.9033528413950526,0.8646119169145015,0.9398100017523866,0.8611544010253397,0.9906300045890032,0.9139566147629682,0.9049625089502592,0.9089070084040912,0.9410542958263908,0.8851140056549461,0.9905793467609214,1.0,0.927742355137768,0.9277095765431268,0.8583628411634443,0.9299887531107738,0.9303339925945918,0.8665370564140898,0.8973893765000464,0.9462865257839832,0.9084183093567136,0.8917638034067602,0.9516622153051346,0.9102573162248936,0.9273779593324064,0.8904211581145752,0.872783720021421,0.8790061189547971,0.8905318390834934,0.9118770896354084,0.8905135341540186,0.9425455090345468,0.8824108358371355,0.9902535779421524,0.9069678052061296,0.8983718948351942,0.9022966873760564,0.9372353878317736,0.8682759622176274,0.9902892047948312,1.0,0.922495230520559,0.9224637059648698,0.8364848451359138,0.9243021117046002,0.9250210936882964,0.8393697566515189,0.8934910345006216,0.942277089369136,0.902466938615184,0.8868497579644918,0.9478307968621262,0.906819422998416,0.9221302108142316,0.8645194417328382,0.8460900478794051,0.8522975879946632,0.8646276695300074,0.9033528413950526,0.8646119169145015,0.9398100017523866,0.8611544010253397,2327083.0,2146970.0,2125842.0,2135108.0,2210625.0,2079216.0,2326964.0,2349094.0,2179354.0,2179277.0,2016375.0,2184631.0,2185442.0,2035577.0,2108052.0,2222916.0,2133960.0,2094837.0,2235544.0,2138280.0,2178498.0,2091683.0,2050251.0,2064868.0,2091943.0,2142085.0,2091900.0,2214128.0,2072866.0,793.0,15417.0,14336.0,14407.0,8058.0,38427.0,581.0,0.0,11495.0,11498.0,51005.0,12272.0,11694.0,63680.0,7865.0,8532.0,13454.0,11076.0,8101.0,7295.0,11504.0,60586.0,62670.0,62109.0,60585.0,18910.0,60578.0,5829.0,49902.0
P2599_Fresh_Strawberry_BE,0.9948242648401828,0.9918818250235184,0.9911066492643572,0.9911336973995272,0.9947003357206804,0.9833262758945384,0.9950544347826088,0.9950760614397066,1.0,0.9999971781160016,0.9756628846153846,0.9915547266881032,0.999997890625,0.9692017629917437,0.99466398381723,0.9943650381679392,0.9919902908067544,0.992429922705314,0.9954891862007962,0.9959436643356644,0.999953891402715,0.9713976448422044,0.970197690072639,0.9710291254204712,0.9714117796610172,0.9894935815939278,0.9714117561205272,0.9951373575594435,0.9765699082125604,0.893918528730666,0.8652516633817805,0.859372335408074,0.8622527109181851,0.9112541283530028,0.853632357867286,0.8920344248772888,0.8904971402009749,1.0,0.9981700917474664,0.8062737608864652,0.8850617406439112,0.9983759597385132,0.8208015206779862,0.8612246970277867,0.90887301548773,0.8682052654938694,0.8469867798456822,0.9233957733950696,0.8767529715346225,0.9976269649393092,0.8409638376373831,0.8202640194410081,0.8264235824490069,0.8414453495841762,0.8560156600043941,0.841444131044108,0.91361057444759,0.8332459226225643,0.8985692853745106,0.8723334187127227,0.8670836141054425,0.8699660935558021,0.9161091995538344,0.8681069333683074,0.8964679656667959,0.8949035904979729,1.0,0.9981729084756245,0.8263856026503517,0.8925999915305839,0.9983780656922452,0.8468840565707663,0.8658448592082905,0.9140235030409728,0.8752154870263756,0.8534474429558098,0.9275799136695144,0.8803238606065664,0.9976729662403316,0.8657256295633605,0.845460701292326,0.8510801177988891,0.8662087151936804,0.8651048131363112,0.8662074817835603,0.9180748441483528,0.853237352098709,0.893918528730666,0.8652516633817805,0.859372335408074,0.8622527109181851,0.9112541283530028,0.853632357867286,0.8920344248772888,0.8904971402009749,1.0,0.9981700917474664,0.8062737608864652,0.8850617406439112,0.9983759597385132,0.8208015206779862,0.8612246970277867,0.90887301548773,0.8682052654938694,0.8469867798456822,0.9233957733950696,0.8767529715346225,0.9976269649393092,0.8409638376373831,0.8202640194410081,0.8264235824490069,0.8414453495841762,0.8560156600043941,0.841444131044108,0.91361057444759,0.8332459226225643,2185573.0,2121760.0,2108991.0,2116002.0,2228235.0,2111480.0,2180462.0,2176657.0,2432281.0,2427837.0,2010002.0,2171054.0,2428336.0,2059860.0,2105978.0,2223162.0,2128770.0,2075824.0,2256135.0,2141195.0,2426621.0,2105688.0,2056398.0,2070066.0,2106863.0,2104178.0,2106860.0,2233016.0,2075313.0,10708.0,17001.0,18400.0,18425.0,11594.0,34978.0,10177.0,10135.0,0.0,7.0,48665.0,17849.0,5.0,62699.0,10740.0,11756.0,16747.0,15356.0,9537.0,8120.0,90.0,59654.0,61020.0,59915.0,59654.0,21558.0,59654.0,10311.0,48595.0
P2605_Fresh_Strawberry_BE,0.9947760585276636,0.9915713493182886,0.9906303353802552,0.990654828073481,0.99448825950783,0.9830643529411766,0.9949373452544704,0.9949459577400092,0.999997180435676,1.0,0.9752743621197252,0.9913988200183655,0.9999991940789474,0.9688794997571636,0.9944371692745376,0.9943174483378258,0.991728809971778,0.9923775699132112,0.995319291722001,0.9959468954248366,0.9999967764512144,0.970880173790512,0.9697108131655374,0.9704850144369584,0.970865103286385,0.9891732019002376,0.9708646338028172,0.9950308838043966,0.9764284645098984,0.8935035453905723,0.8656871808686344,0.862772337699283,0.8649212328565284,0.9112735722784896,0.8533302673182913,0.8913815557545495,0.8899050221975822,0.9986176493869452,1.0,0.8095572951328677,0.8853724478755975,0.998138159772154,0.8211587602468892,0.8636139863849953,0.908619790966484,0.865615456625264,0.8491695579725977,0.9229292418899524,0.8762282944358043,0.9970271880133494,0.8430626153810727,0.8206962348750898,0.8261420793223606,0.8434144049003759,0.8545289718043991,0.8434131986331379,0.9132326653803912,0.8329275724087455,0.8981956669856113,0.8730457787670042,0.8709326848628216,0.8730803185389348,0.9163241129960414,0.8680309328328905,0.8959172756014752,0.8944254864042823,0.9986204650615816,1.0,0.8300815919874308,0.8930537640333243,0.9981389641933586,0.847534456506409,0.8684449989082965,0.9138125781513738,0.8728348394455708,0.8556920104984459,0.9272695200081909,0.879794192301825,0.9970304019894908,0.8683487809722041,0.8463309099297321,0.8512672190014798,0.8687246065858298,0.863882048323608,0.8687237842103077,0.9177932868663752,0.8530349151863564,0.8935035453905723,0.8656871808686344,0.862772337699283,0.8649212328565284,0.9112735722784896,0.8533302673182913,0.8913815557545495,0.8899050221975822,0.9986176493869452,1.0,0.8095572951328677,0.8853724478755975,0.998138159772154,0.8211587602468892,0.8636139863849953,0.908619790966484,0.865615456625264,0.8491695579725977,0.9229292418899524,0.8762282944358043,0.9970271880133494,0.8430626153810727,0.8206962348750898,0.8261420793223606,0.8434144049003759,0.8545289718043991,0.8434131986331379,0.9132326653803912,0.8329275724087455,2184393.0,2123229.0,2118090.0,2123313.0,2228481.0,2111033.0,2178852.0,2175224.0,2428624.0,2431979.0,2018741.0,2171888.0,2427453.0,2061186.0,2112040.0,2222373.0,2122716.0,2081025.0,2255100.0,2139641.0,2424757.0,2111806.0,2058259.0,2070264.0,2112720.0,2100943.0,2112718.0,2232054.0,2074563.0,10886.0,17553.0,19400.0,19415.0,11930.0,35465.0,10448.0,10427.0,7.0,0.0,49584.0,18140.0,2.0,63336.0,11195.0,11798.0,17086.0,15582.0,9837.0,8122.0,8.0,60801.0,61995.0,61047.0,60837.0,22150.0,60838.0,10365.0,48668.0
P2694_LMG_BE,0.9729100663821716,0.9746635676709708,0.9741311275680842,0.974187164605138,0.9731028017037388,0.9738880952380952,0.9736086084452974,0.973433829889476,0.9738806768350808,0.9738772259294564,1.0,0.9740215922053233,0.9743731068883612,0.966415394486692,0.9761104121687928,0.9733473829990448,0.9748461571428572,0.9758358922392486,0.973087561904762,0.9760442815249266,0.9740183579952268,0.9661625105584232,0.9659979667458432,0.9662763034288396,0.9660294092827004,0.9751715055315056,0.966038908153702,0.9730379809523808,0.9881644655477032,0.8016927804708153,0.7967214188597079,0.7968386031628194,0.7997859633988607,0.7988203700095677,0.8027141114247606,0.7930957462411098,0.7917650551661263,0.7957654856320565,0.7957255382048465,1.0,0.7979655014022321,0.7971855153068804,0.7961292230945615,0.7773874578268306,0.7956192426261919,0.8003010437972743,0.773339310931704,0.7953090959751961,0.7784057488991543,0.7950401716342922,0.8010131369981104,0.7952448306971028,0.8002728704034177,0.8014344983269803,0.7918245713772969,0.8015908450170157,0.7980109479396333,0.8792709804374296,0.8240153002547924,0.8174322353748499,0.8179993233068374,0.8209777263109739,0.8209002878328663,0.8242364963178996,0.8145940158721082,0.8133732677608128,0.8171077880075993,0.8170696644491463,1.0,0.819248266966572,0.8181522146610498,0.823796089793688,0.796413446814459,0.8174052311876124,0.8209511192441369,0.7924891030162089,0.8173047597262728,0.7975106904811828,0.8162476252200047,0.8290666717498077,0.8232365471493109,0.8282029348786082,0.8296170806249722,0.8119849348404847,0.8297707662199857,0.820123123208987,0.8898022658101574,0.8016927804708153,0.7967214188597079,0.7968386031628194,0.7997859633988607,0.7988203700095677,0.8027141114247606,0.7930957462411098,0.7917650551661263,0.7957654856320565,0.7957255382048465,1.0,0.7979655014022321,0.7971855153068804,0.7961292230945615,0.7773874578268306,0.7956192426261919,0.8003010437972743,0.773339310931704,0.7953090959751961,0.7784057488991543,0.7950401716342922,0.8010131369981104,0.7952448306971028,0.8002728704034177,0.8014344983269803,0.7918245713772969,0.8015908450170157,0.7980109479396333,0.8792709804374296,2074976.0,2058399.0,2059827.0,2067327.0,2067132.0,2075533.0,2051252.0,2048178.0,2057582.0,2057486.0,2518128.0,2062972.0,2060212.0,2074424.0,2005471.0,2058331.0,2067260.0,1995589.0,2058078.0,2008234.0,2055416.0,2087696.0,2073015.0,2085521.0,2089082.0,2044682.0,2089469.0,2065175.0,2240636.0,55768.0,51664.0,52659.0,52772.0,55422.0,53479.0,53596.0,53703.0,53576.0,53581.0,0.0,53232.0,52711.0,68759.0,47520.0,54552.0,51722.0,47350.0,54871.0,47703.0,53218.0,69938.0,69977.0,70016.0,70286.0,50101.0,70297.0,55049.0,26065.0
P2695_Unknown_BE,0.9941308954545456,0.9931389478458048,0.9924150139146568,0.9923839012003696,0.9928571120107962,0.9820032676980778,0.9942905563155496,0.994189301050708,0.9912352743764172,0.991234253968254,0.9749136270691334,1.0,0.9911996157323688,0.9678372151898734,0.99227277486911,0.9927174171584204,0.9931451793928244,0.9968823482726424,0.9926414075067024,0.9926574589779654,0.9912260871538808,0.9704158263305322,0.9687297760838496,0.9694395864661656,0.970416279178338,0.9909592325367648,0.970390373308446,0.9929259433531292,0.9752066540104416,0.9222078250149596,0.9181164466959432,0.8996288912194831,0.903151557113956,0.9262254485166256,0.8757908383520977,0.9195613565998116,0.9174436048165556,0.9138012504013716,0.9137709526138568,0.8373666061458931,1.0,0.9168822172706822,0.8408861556090914,0.8805137205184449,0.923006341704773,0.9088842086108526,0.9037241027724452,0.9366695139029234,0.8944980065930078,0.9132622606468482,0.8725317769669612,0.8502589778089445,0.8633526629597867,0.8725280783464879,0.906645996591486,0.8728315978512258,0.917359955828259,0.8656928164058357,0.9276523134242792,0.9244592095470716,0.9065047168833412,0.9100828379234288,0.9328889699352368,0.8918410632227798,0.924841688135252,0.9228057512256028,0.9218812869389064,0.9218516702340692,0.8589136338808334,1.0,0.9250227731305408,0.8688301528518136,0.8873706331755327,0.9297775235442226,0.91515744874935,0.9065504112279468,0.9436131787566991,0.9011144766030148,0.921346070772924,0.899131849762072,0.8777050100040998,0.8905688142021407,0.8991276188042382,0.9149175534401708,0.8994644030478128,0.9238956459636029,0.8877019171739232,0.9222078250149596,0.9181164466959432,0.8996288912194831,0.903151557113956,0.9262254485166256,0.8757908383520977,0.9195613565998116,0.9174436048165556,0.9138012504013716,0.9137709526138568,0.8373666061458931,1.0,0.9168822172706822,0.8408861556090914,0.8805137205184449,0.923006341704773,0.9088842086108526,0.9037241027724452,0.9366695139029234,0.8944980065930078,0.9132622606468482,0.8725317769669612,0.8502589778089445,0.8633526629597867,0.8725280783464879,0.906645996591486,0.8728315978512258,0.917359955828259,0.8656928164058357,2192535.0,2184988.0,2142552.0,2151009.0,2204912.0,2107894.0,2185892.0,2181080.0,2178895.0,2178825.0,2030069.0,2363531.0,2186320.0,2053507.0,2097328.0,2197558.0,2163003.0,2142660.0,2230259.0,2129812.0,2177630.0,2125126.0,2074483.0,2104887.0,2125116.0,2162436.0,2125912.0,2183656.0,2098111.0,12601.0,14462.0,15820.0,15924.0,15575.0,37430.0,12104.0,12230.0,18618.0,18620.0,51147.0,0.0,18779.0,65154.0,15768.0,15695.0,14499.0,6469.0,15725.0,15264.0,18619.0,62629.0,64419.0,64070.0,62628.0,18859.0,62702.0,15023.0,51621.0
P2710_SD_BE,0.9947760740402194,0.9918392042186004,0.9908691570881228,0.9908669282296652,0.9945986071916252,0.9830955235350624,0.995003215613383,0.9946937000928506,0.9999970442105264,0.9999974599831508,0.9755639920358388,0.9907019396751742,1.0,0.969442436023622,0.9950647612225408,0.9946331053351576,0.991565273159145,0.99206392578125,0.9952513785361474,0.9959345441729324,0.999996687790452,0.9709468988549618,0.9700417586206896,0.9708101509985388,0.9710500811068704,0.9891967662650604,0.9710496135496184,0.9951653842655752,0.9766598636142232,0.8838670644621333,0.8391358508983928,0.8375759435205298,0.8385058960846836,0.884689686698213,0.826044887778719,0.868464418825984,0.8684532909974595,0.9639837710945706,0.9637713666460304,0.7887774295261567,0.8634099218766167,1.0,0.7957904079939595,0.842988857559365,0.8835176295310145,0.8441730187569036,0.8218520787494327,0.8984494021443096,0.8584372599379158,0.9609389547844204,0.8201570742521143,0.7963165229266373,0.8043334280828084,0.8203677530421615,0.830766659668214,0.8203669696075182,0.8870158299587896,0.8123718299851054,0.8885085674330342,0.8460402122937744,0.8452941920020225,0.8462346175815982,0.8894941942420834,0.8402488547688497,0.8728257408601514,0.873086147943224,0.963986620436076,0.9637738146477584,0.8085347921463464,0.8715133051619004,1.0,0.8208743277817157,0.8471698430197301,0.8882849613509487,0.8513539568276257,0.8284265332017031,0.9027361544234004,0.8619414448072987,0.9609421376261434,0.8446981757903815,0.8209095287391817,0.8285177356824106,0.8448253792503156,0.839839643638307,0.8448249792394353,0.891325044041198,0.8317858245744284,0.8838670644621333,0.8391358508983928,0.8375759435205298,0.8385058960846836,0.884689686698213,0.826044887778719,0.868464418825984,0.8684532909974595,0.9639837710945706,0.9637713666460304,0.7887774295261567,0.8634099218766167,1.0,0.7957904079939595,0.842988857559365,0.8835176295310145,0.8441730187569036,0.8218520787494327,0.8984494021443096,0.8584372599379158,0.9609389547844204,0.8201570742521143,0.7963165229266373,0.8043334280828084,0.8203677530421615,0.830766659668214,0.8203669696075182,0.8870158299587896,0.8123718299851054,2221211.0,2115043.0,2113178.0,2115529.0,2223675.0,2100565.0,2182005.0,2182656.0,2409901.0,2409369.0,2021282.0,2178724.0,2499932.0,2052130.0,2117867.0,2220652.0,2128327.0,2071010.0,2256779.0,2154795.0,2402290.0,2111688.0,2052218.0,2071238.0,2112006.0,2099542.0,2112005.0,2228252.0,2079408.0,11296.0,17102.0,18932.0,18955.0,11519.0,35074.0,10625.0,11277.0,7.0,6.0,49076.0,19636.0,0.0,62267.0,10149.0,11576.0,17572.0,16031.0,10181.0,8525.0,8.0,60849.0,61114.0,60172.0,60675.0,22175.0,60676.0,10328.0,48282.0
P2771_Cococa_Vietnam_BE,0.969154447761194,0.9692744930417494,0.9698912036108324,0.9699124912456228,0.9684942501245642,0.9720677651139742,0.9692407278165504,0.9692256309226932,0.9696687475247524,0.9696667821782178,0.9680362382133996,0.9684324603174604,0.9695972551928784,1.0,0.9704441442356526,0.9685148705179284,0.9693307004470938,0.9694160071392146,0.9687136166007904,0.9703690863200404,0.9696684801980198,0.988015300768883,0.9891660920577616,0.9846183318140382,0.987992446856626,0.9685546055854972,0.9879892582541836,0.9689025806451612,0.9681272967772968,0.8040535054977452,0.8051511114823945,0.7991747803672727,0.8013474251424292,0.8028232465053284,0.8091035769434796,0.8026013167921457,0.8020673978407298,0.808358642299829,0.8083621688008629,0.8041471165841828,0.8063023054582596,0.808997049267565,1.0,0.7881734135618302,0.80315859568256,0.8060215162135911,0.7861003192265262,0.8097168278337162,0.7941052940845077,0.8083707357674735,0.904835331275014,0.9088462306123812,0.894387238699487,0.9048087340893156,0.8155199134708725,0.9048017658773954,0.8061117377334678,0.8326865560669162,0.8296443434327293,0.8306739909720439,0.8239839452012812,0.8262059024657866,0.8289396105367401,0.8323530580695809,0.8280722154548743,0.8275342420290407,0.833644112345896,0.8336494388154587,0.8306993941345736,0.8325849643597727,0.8343640051937176,1.0,0.8121780302797503,0.8292682127359166,0.8315237677315099,0.8109009067699838,0.835868118252541,0.8183538668734975,0.833656813927161,0.915811051277103,0.9188004298870666,0.9083593203588728,0.9158053150791124,0.8419968360770798,0.9158012177948334,0.8319843024844703,0.8601002769354444,0.8040535054977452,0.8051511114823945,0.7991747803672727,0.8013474251424292,0.8028232465053284,0.8091035769434796,0.8026013167921457,0.8020673978407298,0.808358642299829,0.8083621688008629,0.8041471165841828,0.8063023054582596,0.808997049267565,1.0,0.7881734135618302,0.80315859568256,0.8060215162135911,0.7861003192265262,0.8097168278337162,0.7941052940845077,0.8083707357674735,0.904835331275014,0.9088462306123812,0.894387238699487,0.9048087340893156,0.8155199134708725,0.9048017658773954,0.8061117377334678,0.8326865560669162,2024864.0,2027377.0,2011049.0,2016472.0,2023144.0,2031475.0,2021027.0,2019714.0,2034626.0,2034639.0,2027439.0,2032041.0,2036383.0,2440641.0,1982235.0,2023946.0,2029451.0,1979118.0,2040054.0,1997308.0,2034657.0,2235166.0,2242462.0,2216979.0,2235152.0,2055012.0,2235142.0,2030575.0,2099196.0,62013.0,61889.0,60076.0,60199.0,63267.0,56513.0,61716.0,61706.0,61009.0,61013.0,64677.0,63883.0,61238.0,0.0,58279.0,63270.0,61871.0,60075.0,63240.0,58927.0,61010.0,26542.0,24019.0,33747.0,26586.0,64222.0,26592.0,62723.0,66858.0
P2795_Unknown_BE,0.9949023345588236,0.9905256053384176,0.9919010482691372,0.991903223140496,0.9963585503355704,0.9815731330472104,0.9957812412505832,0.9957147854477612,0.9943553813757604,0.994360243445693,0.975777253132832,0.9920113634226612,0.994400717614166,0.9691608589870904,1.0,0.9993289427697684,0.99191292881032,0.992163850141376,0.9951721457673156,0.9955498632634456,0.9943678287318674,0.9708958075435205,0.9694284577360356,0.9702579419005416,0.9708963539651836,0.9879819465290808,0.9708949854932302,0.9956464816513764,0.977561570450098,0.937811967145632,0.899944237981466,0.8816322762095364,0.8834160316141739,0.9635894058134744,0.8866439785518072,0.924679056731912,0.9244247135187206,0.9215683485467852,0.9214656459673268,0.8429590993313485,0.9143702987255112,0.9251427787042722,0.8464520609062449,1.0,0.988684833394028,0.898762210664241,0.912284713108898,0.951312627466212,0.9469612572827676,0.9215755617874498,0.8668091187224669,0.8492869943159017,0.8540504495690345,0.8668087623789548,0.909021494794827,0.8668071185258515,0.9411546789565248,0.8700012298604423,0.9426171138310702,0.9085522202871232,0.8888308745594944,0.8906272416548489,0.9671110921755433,0.9032887603588908,0.9285965816855768,0.928403120079228,0.9267997798450396,0.9266919630397036,0.8638847612249032,0.9217336942298012,0.9303520827337473,0.8733865519403112,1.0,0.989348743021253,0.90608982357171,0.9194899743413392,0.9559277070930416,0.9511942015426498,0.9267954323932114,0.8927931421555884,0.8760697992085899,0.8802303106080434,0.8927922726652228,0.9200790540640414,0.8927918379200399,0.9452699289365524,0.8899707764288117,0.937811967145632,0.899944237981466,0.8816322762095364,0.8834160316141739,0.9635894058134744,0.8866439785518072,0.924679056731912,0.9244247135187206,0.9215683485467852,0.9214656459673268,0.8429590993313485,0.9143702987255112,0.9251427787042722,0.8464520609062449,1.0,0.988684833394028,0.898762210664241,0.912284713108898,0.951312627466212,0.9469612572827676,0.9215755617874498,0.8668091187224669,0.8492869943159017,0.8540504495690345,0.8668087623789548,0.909021494794827,0.8668071185258515,0.9411546789565248,0.8700012298604423,2168206.0,2089850.0,2044487.0,2048619.0,2224547.0,2077743.0,2135956.0,2135511.0,2131823.0,2131575.0,1987106.0,2120170.0,2139994.0,2008962.0,2300198.0,2275698.0,2084186.0,2115009.0,2198823.0,2187935.0,2131813.0,2053601.0,2015134.0,2024704.0,2053599.0,2116364.0,2053598.0,2174308.0,2047109.0,9948.0,18927.0,15784.0,15813.0,7289.0,37319.0,7864.0,7970.0,11303.0,11303.0,46979.0,15862.0,11180.0,60587.0,0.0,1124.0,16125.0,15530.0,9532.0,8796.0,11279.0,58310.0,60108.0,58772.0,58309.0,23557.0,58312.0,8679.0,45014.0
P2796_Unknown_BE,0.9933513489991298,0.9901103931314956,0.9911694173377548,0.9911702974504252,0.9952066916043226,0.9793307034728406,0.9945503835978836,0.9943231376875552,0.992814927152318,0.9928075916924436,0.9737316513761468,0.9913195100222716,0.9929937169312172,0.9677748057058536,0.9972808835164836,1.0,0.9905627215189872,0.9913256363636364,0.9928476066945608,0.9933712132024978,0.992825558992488,0.9698843732718894,0.96821273512476,0.9685521588207324,0.9698456313364056,0.9876289253597124,0.969854044219254,0.995144022638224,0.9760906280428432,0.8799631521638046,0.8452667421236055,0.8131673561805469,0.8158810344775839,0.9223597414477462,0.8420139680885758,0.870141139281103,0.869152269410275,0.8666844948743813,0.8658807338265568,0.7725607033383527,0.8553070847863091,0.866754280440037,0.768905185079503,0.8819483351408767,1.0,0.8473752497769406,0.8249676186352447,0.9128289173424224,0.8592113617455381,0.8658325678908966,0.8067907666389905,0.7785911694988661,0.7836091309301428,0.8067264153187977,0.8465019672915262,0.8068577536386913,0.8841838995776841,0.7846131605647394,0.8858528787930156,0.8537095943920128,0.8204120728065694,0.8231491970413807,0.926802190167006,0.8597851217190262,0.874909058034126,0.8741144970553703,0.872956752735663,0.8721536187595886,0.7934020653909267,0.8627965818680328,0.872869853717388,0.7945083717267225,0.8843529939439567,1.0,0.8554483541209035,0.8321863052602743,0.9194048625261428,0.8649448970597347,0.8720893212796991,0.8318422163224414,0.8041529937101477,0.8090520719960315,0.8318090933782558,0.8571052806935711,0.8319372986563386,0.8884984278291963,0.8038322856740928,0.8799631521638046,0.8452667421236055,0.8131673561805469,0.8158810344775839,0.9223597414477462,0.8420139680885758,0.870141139281103,0.869152269410275,0.8666844948743813,0.8658807338265568,0.7725607033383527,0.8553070847863091,0.866754280440037,0.768905185079503,0.8819483351408767,1.0,0.8473752497769406,0.8249676186352447,0.9128289173424224,0.8592113617455381,0.8658325678908966,0.8067907666389905,0.7785911694988661,0.7836091309301428,0.8067264153187977,0.8465019672915262,0.8068577536386913,0.8841838995776841,0.7846131605647394,2273273.0,2190787.0,2105339.0,2112363.0,2378357.0,2206378.0,2245189.0,2243150.0,2240179.0,2238118.0,2036026.0,2214106.0,2239956.0,2038865.0,2269424.0,2566197.0,2195249.0,2135554.0,2359374.0,2219619.0,2237953.0,2134671.0,2063615.0,2076187.0,2134586.0,2199501.0,2134915.0,2280062.0,2062792.0,13090.0,20805.0,17571.0,17633.0,10410.0,44508.0,10475.0,10589.0,14842.0,14844.0,53157.0,17859.0,14397.0,65286.0,4832.0,0.0,19194.0,17102.0,15787.0,12142.0,14811.0,63960.0,65072.0,64504.0,64016.0,25938.0,64021.0,10206.0,49230.0
P2928_Oganic_Rye_SD_BE,0.992375845873233,0.9925995543428832,0.9923817329020334,0.992351491026231,0.9909439211242068,0.982556012832264,0.9925499040657836,0.9922693507087336,0.9906091559633028,0.990608137614679,0.9747200429799427,0.9925502745274528,0.9904947551487412,0.9696118783454988,0.9915404041844984,0.9909367486583184,1.0,0.9927933774208786,0.992040368705036,0.9926145244821092,0.9907410697887972,0.9719155442804428,0.970260199619772,0.9702940833728092,0.9717803503918856,0.9905935016062416,0.971789801843318,0.9924528735632184,0.9760066635115948,0.8869769261418029,0.8917652974228126,0.8798611471175612,0.8819489133750061,0.8913375437826466,0.8711959194075245,0.8861763672632677,0.8847566483504574,0.8798611077843745,0.8798675911048639,0.8290148317622019,0.8985989979201724,0.8811663049523965,0.8226266301637516,0.8516452751322559,0.9020071592719384,1.0,0.8648823189721343,0.8969441441304099,0.8611094272378619,0.8796745116780293,0.8556977109796288,0.8374285085910993,0.8354754037752485,0.8558850872130744,0.8824041723097222,0.8560826511094974,0.8850847659478734,0.8518500558982308,0.8937913289911997,0.8984139611196739,0.8866156217371849,0.8887464989476127,0.8994833358192877,0.8866628548699846,0.892828021677522,0.8916496793118879,0.8882020749432373,0.888209532806311,0.8505158355292597,0.9053435588922588,0.8896223835330384,0.8484081605595054,0.85891131772154,0.9102570476806046,1.0,0.8711604434942575,0.904140771308772,0.8675164487313346,0.8878954739057657,0.8804239380831634,0.8630968362087539,0.8610537960523045,0.8807392399608877,0.8907833242181673,0.8809339730522547,0.891815409602413,0.8727912295530255,0.8869769261418029,0.8917652974228126,0.8798611471175612,0.8819489133750061,0.8913375437826466,0.8711959194075245,0.8861763672632677,0.8847566483504574,0.8798611077843745,0.8798675911048639,0.8290148317622019,0.8985989979201724,0.8811663049523965,0.8226266301637516,0.8516452751322559,0.9020071592719384,1.0,0.8648823189721343,0.8969441441304099,0.8611094272378619,0.8796745116780293,0.8556977109796288,0.8374285085910993,0.8354754037752485,0.8558850872130744,0.8824041723097222,0.8560826511094974,0.8850847659478734,0.8518500558982308,2157219.0,2168376.0,2139900.0,2145043.0,2170957.0,2140014.0,2154894.0,2152050.0,2143729.0,2143747.0,2052771.0,2185101.0,2147157.0,2047684.0,2073034.0,2196960.0,2413560.0,2102598.0,2182198.0,2093803.0,2142989.0,2124956.0,2083136.0,2078205.0,2125717.0,2149959.0,2126187.0,2152450.0,2106534.0,14861.0,15195.0,15290.0,15347.0,18104.0,36518.0,14507.0,14659.0,19055.0,19057.0,50985.0,15010.0,19304.0,62028.0,16027.0,18136.0,0.0,14156.0,15756.0,14211.0,18805.0,59490.0,61809.0,60725.0,59752.0,18931.0,59756.0,15057.0,50517.0
P2929_Organic_Rye_SD_BE,0.9941552175969726,0.9932577671298516,0.9924117201166182,0.9924202182347236,0.9927859560542308,0.98174355295266,0.99420263507109,0.994197652916074,0.9919682020872864,0.9919710763394974,0.9757144241501776,0.9966537149425287,0.9919871814306016,0.9680344494270056,0.9922650969267142,0.9924804790697676,0.993040075829384,1.0,0.9929316993464052,0.9935990797546014,0.9919613342830012,0.9704785791015624,0.9686869657907784,0.9695891385217816,0.9704790771484376,0.9901238417540514,0.9704785498046874,0.9932452269536732,0.975676238397655,0.9409435957309508,0.9278252149316898,0.9155067027944274,0.9169484502601822,0.950473650274462,0.8991392593506212,0.939880088674526,0.9393397133452328,0.9344424855557256,0.9347948227940208,0.8591555916406367,0.968268492180811,0.9353199772715636,0.8705371440173949,0.9387853065660624,0.9536908708065058,0.93773370673464,1.0,0.9513296138382802,0.945342379450698,0.9339251608778106,0.8875088101606173,0.8718702872832704,0.8850846576355322,0.8875097013659947,0.9298772444323358,0.8875083476303218,0.9494599628726832,0.8982579918453264,0.946475539307994,0.9341232916937184,0.9225069436774148,0.9239518032907598,0.9573802333506644,0.9158596016713316,0.9453606895814756,0.9448218979295134,0.9420085075201844,0.9423609670591764,0.88054001291304,0.971519473277281,0.9428750640937568,0.899283227505673,0.9461033240750968,0.9609165025597092,0.9443060049227596,1.0,0.9581017651712505,0.9514324225060456,0.9414935124995172,0.91450633663882,0.9000536995679789,0.9128450623786036,0.9145067856318634,0.9391524627717418,0.9145058876457768,0.955916965022544,0.9206517044224916,0.9409435957309508,0.9278252149316898,0.9155067027944274,0.9169484502601822,0.950473650274462,0.8991392593506212,0.939880088674526,0.9393397133452328,0.9344424855557256,0.9347948227940208,0.8591555916406367,0.968268492180811,0.9353199772715636,0.8705371440173949,0.9387853065660624,0.9536908708065058,0.93773370673464,1.0,0.9513296138382802,0.945342379450698,0.9339251608778106,0.8875088101606173,0.8718702872832704,0.8850846576355322,0.8875097013659947,0.9298772444323358,0.8875083476303218,0.9494599628726832,0.8982579918453264,2107996.0,2080485.0,2054613.0,2057831.0,2132283.0,2039808.0,2105513.0,2104313.0,2098047.0,2098832.0,1961144.0,2163774.0,2099977.0,2002889.0,2107167.0,2140159.0,2103164.0,2227206.0,2133890.0,2119036.0,2096900.0,2036794.0,2004605.0,2033094.0,2036795.0,2091686.0,2036793.0,2129024.0,2050481.0,11626.0,13569.0,14778.0,14797.0,15007.0,36069.0,11491.0,11482.0,16214.0,16216.0,46005.0,6497.0,16197.0,62766.0,15359.0,15328.0,14136.0,0.0,14296.0,12933.0,16213.0,59307.0,61330.0,60564.0,59306.0,19480.0,59307.0,13579.0,48370.0
P2933_Rye_SD_BE,0.995311748998665,0.9906886666666668,0.991901947743468,0.9919155324183626,0.993663125,0.980577136812412,0.9956323156012518,0.9957632271095154,0.994058394515701,0.9940527799911464,0.9737454652880354,0.9919796691998212,0.9941346913580248,0.9678456335952847,0.9950773007830492,0.9943155460017198,0.992371093457944,0.9925661040189128,1.0,0.9983188874054296,0.9942139255649092,0.9709000422138836,0.9687043281402145,0.9691913480982184,0.9707857357075916,0.989064587912088,0.9707844001874416,0.9979103043670048,0.9756689437652812,0.8844158127373749,0.849489085971909,0.8269617467585803,0.8296296273204558,0.9089632148902236,0.8198440429499496,0.8805170014441327,0.8772164769086952,0.8872649445928683,0.8865098187280744,0.7768873080779842,0.875724194165614,0.8891637574666331,0.7808850775745435,0.8527676015877544,0.9115052643622276,0.8424821440431688,0.8313818630552391,1.0,0.8853897479922023,0.886165798593104,0.8146224515672444,0.7845668361285414,0.7924943796869746,0.8149771126408106,0.8510334799836656,0.8149752251961039,0.8976586760102135,0.7931348284292448,0.8885817068141141,0.8574733057461466,0.8337131998176641,0.8363914065321248,0.9147599342485648,0.8360831720134108,0.8843796928310808,0.8809488571445486,0.8925682329005815,0.891813630596124,0.7978340703729796,0.8828045789204688,0.8944097466833216,0.8068281247225001,0.8569862873132488,0.916716295976178,0.8489587711664565,0.8376085579478922,1.0,0.8868806942972668,0.8913230601649311,0.8390384345948847,0.8099136272414589,0.8176861888439627,0.8395025623721034,0.8604427763208007,0.839501773039149,0.8995384375548833,0.8129138818013367,0.8844158127373749,0.849489085971909,0.8269617467585803,0.8296296273204558,0.9089632148902236,0.8198440429499496,0.8805170014441327,0.8772164769086952,0.8872649445928683,0.8865098187280744,0.7768873080779842,0.875724194165614,0.8891637574666331,0.7808850775745435,0.8527676015877544,0.9115052643622276,0.8424821440431688,0.8313818630552391,1.0,0.8853897479922023,0.886165798593104,0.8146224515672444,0.7845668361285414,0.7924943796869746,0.8149771126408106,0.8510334799836656,0.8149752251961039,0.8976586760102135,0.7931348284292448,2251475.0,2172653.0,2112450.0,2119236.0,2317805.0,2118455.0,2240828.0,2232135.0,2261576.0,2259664.0,2021540.0,2236837.0,2266242.0,2044329.0,2171419.0,2322762.0,2151079.0,2122320.0,2533785.0,2247165.0,2258421.0,2125943.0,2052147.0,2071841.0,2127119.0,2180177.0,2127117.0,2279237.0,2059749.0,9569.0,18523.0,16190.0,16232.0,13161.0,39435.0,8684.0,8347.0,11909.0,11910.0,52246.0,16610.0,11800.0,64770.0,9771.0,12039.0,15489.0,15032.0,0.0,3018.0,11630.0,61358.0,63522.0,63580.0,61591.0,22246.0,61594.0,4262.0,49587.0
P2934_Rye_SD_BE,0.9967369666048236,0.9923563705463184,0.9928483723196884,0.9928295046138902,0.9959144702137336,0.9819552552260574,0.9968735135135134,0.9968021678321678,0.9955139023255812,0.995509809213588,0.9758973008625064,0.9929487325256292,0.9955106719184432,0.9695703687095168,0.996103017560074,0.9962317834394904,0.993525107810254,0.9937284003786088,0.999578142100618,1.0,0.9955126930232558,0.9716652657004832,0.9700023336643496,0.9701831566028472,0.9716657246376812,0.9904739555765596,0.971664347826087,0.9987738743695552,0.9767609598432908,0.9469116489697632,0.915650640831182,0.8969212929366299,0.8996738675761339,0.9618520791150398,0.8846428487118713,0.9422030765644543,0.9415424097330594,0.9414605765946934,0.9409211666336256,0.8454095535536054,0.9353505902936772,0.9453048237500236,0.8579345779321736,0.9493015206458586,0.96134347404639,0.9123566867361036,0.9246346001070156,0.9931755334802936,1.0,0.9414020692380186,0.882593976508527,0.8599577789319587,0.8692953335320813,0.8826157634514759,0.9194620460438586,0.8826136580183006,0.9595192677878286,0.8814133556145617,0.9500115684433976,0.9227034440531604,0.9033819442550582,0.9061715666135604,0.9657978751012788,0.9008993475046032,0.9451581005935537,0.9445629635624824,0.9457030930410756,0.9451651384298412,0.8662894679659685,0.9419928337232,0.9495677448925104,0.884860558469904,0.953015404943904,0.964979726632844,0.9183025970495632,0.9304701362613078,0.9935946892487374,1.0,0.9456454707564708,0.9083313026243212,0.8865522783675387,0.8960115702028568,0.90835329586272,0.9283051218733313,0.908352416133184,0.9606972032518324,0.9023838910965212,0.9469116489697632,0.915650640831182,0.8969212929366299,0.8996738675761339,0.9618520791150398,0.8846428487118713,0.9422030765644543,0.9415424097330594,0.9414605765946934,0.9409211666336256,0.8454095535536054,0.9353505902936772,0.9453048237500236,0.8579345779321736,0.9493015206458586,0.96134347404639,0.9123566867361036,0.9246346001070156,0.9931755334802936,1.0,0.9414020692380186,0.882593976508527,0.8599577789319587,0.8692953335320813,0.8826157634514759,0.9194620460438586,0.8826136580183006,0.9595192677878286,0.8814133556145617,2159781.0,2097698.0,2053772.0,2060114.0,2195670.0,2048128.0,2148747.0,2147394.0,2149986.0,2148763.0,1969445.0,2141551.0,2158772.0,2011665.0,2166610.0,2193810.0,2087693.0,2115355.0,2258864.0,2273426.0,2149855.0,2065024.0,2015511.0,2037016.0,2065074.0,2110433.0,2065072.0,2184074.0,2051503.0,6506.0,15045.0,13805.0,13895.0,8088.0,35964.0,6094.0,6218.0,8545.0,8549.0,46022.0,14513.0,8601.0,60430.0,7468.0,7454.0,13030.0,12821.0,860.0,0.0,8548.0,57795.0,59435.0,59448.0,57794.0,19056.0,57797.0,2272.0,46505.0
P3349_Bambara_BE,0.9946479681093392,0.9914481378986868,0.9904467799811144,0.9904984322033898,0.9947647337807608,0.9830815004703668,0.9949280732265448,0.994954565018315,0.9999906470106472,0.9999894430794432,0.9753028522504892,0.9913641647597254,0.9999967895167896,0.9688937724842004,0.9943721266540644,0.9940742352415028,0.9915866230121608,0.9922749759615386,0.9952359126984128,0.9956752629129828,1.0,0.9710724623352164,0.9700360339805826,0.9706255091258404,0.9710731120527308,0.9889018345153664,0.9710728248587572,0.9951311974977658,0.9762546112988894,0.894810049018157,0.8668528651627181,0.8619051223621765,0.8645725760873595,0.9109657762004264,0.8527436896956859,0.8919205139755004,0.8906404076294385,0.9987945021807204,0.9985856501839796,0.8112577817078689,0.8870000442338342,0.9988598487226004,0.8208747039018315,0.8649816635019367,0.911112940753627,0.8691332953768466,0.8502473967393912,0.9245888735785333,0.8779546425559269,1.0,0.841236740352722,0.8192988632158026,0.8265541190236565,0.8412349074188289,0.8568725661712724,0.841234658624384,0.9150008510268391,0.8342431823053821,0.8996248700120931,0.8743300148810197,0.8702185112647962,0.872866173209477,0.9157600237175246,0.8674191196637112,0.896467330631257,0.8951568633820417,0.9988038439824388,0.9985961922846498,0.8318008912164154,0.8947267570931559,0.9988630555556698,0.8472287955749218,0.8698772223357567,0.9165441658713538,0.8765076849631799,0.8568667126926998,0.9290147811001592,0.8817680575766759,1.0,0.8662965669212079,0.8446066275020487,0.8515685104629728,0.8662940997723233,0.8664890045342084,0.8662940997723233,0.91947760589517,0.8545344346137699,0.894810049018157,0.8668528651627181,0.8619051223621765,0.8645725760873595,0.9109657762004264,0.8527436896956859,0.8919205139755004,0.8906404076294385,0.9987945021807204,0.9985856501839796,0.8112577817078689,0.8870000442338342,0.9988598487226004,0.8208747039018315,0.8649816635019367,0.911112940753627,0.8691332953768466,0.8502473967393912,0.9245888735785333,0.8779546425559269,1.0,0.841236740352722,0.8192988632158026,0.8265541190236565,0.8412349074188289,0.8568725661712724,0.841234658624384,0.9150008510268391,0.8342431823053821,2187849.0,2126333.0,2116334.0,2122773.0,2227089.0,2109526.0,2180170.0,2176983.0,2429048.0,2428543.0,2022904.0,2175937.0,2429192.0,2060424.0,2115504.0,2228996.0,2131629.0,2083863.0,2259324.0,2144422.0,2431957.0,2106796.0,2054047.0,2070978.0,2106790.0,2107264.0,2106790.0,2236130.0,2078191.0,11214.0,17814.0,19659.0,19674.0,11543.0,35364.0,10484.0,10428.0,7.0,10.0,49565.0,18244.0,8.0,63266.0,11361.0,12398.0,17362.0,15675.0,10249.0,8783.0,0.0,60413.0,61253.0,60797.0,60412.0,22663.0,60413.0,10315.0,49023.0
P3350_Sorghum_seso_BE,0.9698748483412324,0.9713376772030652,0.9709465635738832,0.9710500684261976,0.9697282819794584,0.9727758678078936,0.9698544270090348,0.9697891147072822,0.9705172918615528,0.9705047262517548,0.966684112512124,0.9701011972157771,0.9703132091290172,0.9872549035441902,0.9711832891507116,0.9701193217960712,0.9717730344502123,0.9710483234421368,0.9706240692840647,0.9711293514036784,0.9704773021077284,1.0,0.9898678264718902,0.9831510143626572,0.9998738370253166,0.9697699855699856,0.9998734493670888,0.9707189348549692,0.9677898087954112,0.8094720166707298,0.798886485318449,0.785228692381313,0.7876302962090254,0.8145201522806332,0.8008173562827983,0.8072630704240997,0.805507557922334,0.8134369380415696,0.8130860022629978,0.7881401400301025,0.8184969757469839,0.8159708708418014,0.8799354251375346,0.7829535668823734,0.8139117110691868,0.810323677542038,0.7797666935647256,0.8235199039587232,0.7935638003541873,0.8128574035818791,1.0,0.8919323707595959,0.8700736565497242,0.9983123263657364,0.7985406040282231,0.9982968637585328,0.8091646955784505,0.8079384009356102,0.8346149176413452,0.8224601022569374,0.8087249307428666,0.8111119311134547,0.8399467844930679,0.8232290528417445,0.8323548853755757,0.8306007416524422,0.8381478051579205,0.8377970557683594,0.815302672123121,0.8437232920607638,0.8409355486093422,0.8912950667336423,0.8061851718711687,0.8389810333457921,0.8338610445189854,0.8030153337793088,0.8484437281327197,0.8171556129028162,0.8375851777434434,1.0,0.9010620881968068,0.8849847519241619,0.9984382923107322,0.8234329953601093,0.998423214848285,0.8335725888558507,0.8348283827675714,0.8094720166707298,0.798886485318449,0.785228692381313,0.7876302962090254,0.8145201522806332,0.8008173562827983,0.8072630704240997,0.805507557922334,0.8134369380415696,0.8130860022629978,0.7881401400301025,0.8184969757469839,0.8159708708418014,0.8799354251375346,0.7829535668823734,0.8139117110691868,0.810323677542038,0.7797666935647256,0.8235199039587232,0.7935638003541873,0.8128574035818791,1.0,0.8919323707595959,0.8700736565497242,0.9983123263657364,0.7985406040282231,0.9982968637585328,0.8091646955784505,0.8079384009356102,2103495.0,2072861.0,2038244.0,2044260.0,2116933.0,2074799.0,2097799.0,2093378.0,2112399.0,2111515.0,2054822.0,2126451.0,2119425.0,2246347.0,2031843.0,2114499.0,2101595.0,2023854.0,2138348.0,2059492.0,2110981.0,2520318.0,2270963.0,2230443.0,2516382.0,2075313.0,2516344.0,2100868.0,2104033.0,63158.0,59319.0,58836.0,58876.0,63830.0,55747.0,62842.0,62626.0,62448.0,62445.0,68171.0,63773.0,63058.0,28023.0,58082.0,63030.0,59438.0,58168.0,62867.0,59111.0,62445.0,0.0,22737.0,36869.0,284.0,62142.0,285.0,61248.0,67791.0
P3351_Finger_millet_BE,0.9688742654953636,0.968966289769946,0.9692629481481482,0.9693605951795377,0.9683763538611926,0.9722638744482588,0.9692898624078626,0.9692600246062992,0.9698965914664052,0.969885897939156,0.9668812013786312,0.968370380487805,0.9698662102689488,0.9884770833333336,0.9703612399598396,0.9686109171162336,0.9693642447790188,0.9697313353566008,0.9688772331047992,0.97024634,0.9698692047128132,0.9902111982182628,1.0,0.9852221697684976,0.990212929652716,0.96891182531894,0.99020982190561,0.9684562799804208,0.9674941682600384,0.7939375899766712,0.7935959485604898,0.7871357681596667,0.7897094676341139,0.7932413859463103,0.7941289171933635,0.7896343962219629,0.7881798246619913,0.7911012982000146,0.7906231433067349,0.7854900803717254,0.7945395539582275,0.7927807951517448,0.8890603189525252,0.7726864071194208,0.7912455923456237,0.7993488588314198,0.7686987732647931,0.7922138410862033,0.776353323095612,0.7905637568722584,0.894904145738149,1.0,0.8731950097653808,0.8953081398188149,0.7906123887463251,0.8952807723107735,0.7920931672880611,0.813120914285471,0.8194433666485597,0.8190129594177182,0.8120972432336864,0.8146704864641726,0.8191457616487957,0.816783321959809,0.8146524861617676,0.813176861371271,0.8156553030090905,0.815171294877754,0.8123956482468906,0.8204913842552555,0.8174125325305465,0.8994243103284135,0.7962873776279441,0.8168869237003181,0.8246114534724184,0.7926925172342896,0.8176617367171769,0.8001610427055175,0.8151240940847806,0.9037507830131546,1.0,0.8862924897138272,0.9041571898407892,0.8159797084591021,0.9041323894241424,0.817892540594682,0.8404401193940059,0.7939375899766712,0.7935959485604898,0.7871357681596667,0.7897094676341139,0.7932413859463103,0.7941289171933635,0.7896343962219629,0.7881798246619913,0.7911012982000146,0.7906231433067349,0.7854900803717254,0.7945395539582275,0.7927807951517448,0.8890603189525252,0.7726864071194208,0.7912455923456237,0.7993488588314198,0.7686987732647931,0.7922138410862033,0.776353323095612,0.7905637568722584,0.894904145738149,1.0,0.8731950097653808,0.8953081398188149,0.7906123887463251,0.8952807723107735,0.7920931672880611,0.813120914285471,2048574.0,2047498.0,2030209.0,2036642.0,2047830.0,2041924.0,2036597.0,2032908.0,2039104.0,2037894.0,2030955.0,2051194.0,2043497.0,2248523.0,1990685.0,2042183.0,2061494.0,1981698.0,2044120.0,2000369.0,2037776.0,2259339.0,2499958.0,2215694.0,2260355.0,2039915.0,2260293.0,2044697.0,2101065.0,63466.0,62993.0,61760.0,61814.0,64316.0,56160.0,62234.0,62173.0,60861.0,60850.0,67139.0,64528.0,61064.0,24950.0,58769.0,63713.0,62678.0,59496.0,63116.0,59224.0,60862.0,21701.0,0.0,32091.0,21707.0,62887.0,21714.0,63922.0,68114.0
P3352_Finger_millet_BE,0.9703206403466536,0.9712209591041868,0.9709094651619232,0.970991441837732,0.9701983790283788,0.9741795156555774,0.9703208333333332,0.9702743837602706,0.9711137578388808,0.9711006611969112,0.9677288535031848,0.9700491872623572,0.971261570327553,0.984331108587006,0.9712168020050126,0.9702472152509652,0.971541503649635,0.9709384738154612,0.9700980201826044,0.9706817774495324,0.9711005936293436,0.9841878978036754,0.9855249037169728,1.0,0.9841816943074856,0.9703916448326056,0.9841773375168086,0.9700967472208796,0.9687338645038168,0.8182819469226846,0.8121553033610709,0.8061855829665555,0.8088113099953917,0.8183611002920078,0.8140906374458388,0.8175751776720382,0.8154490262967682,0.8177412037775563,0.8172939366705759,0.8048400699508481,0.8289673946787806,0.8182373293275875,0.8920786205748958,0.7927761414861774,0.8157071217063773,0.8125614221916062,0.7984058668826713,0.8200275250465616,0.8037877295670022,0.8172554114697756,0.8953430916635149,0.8983717318791351,1.0,0.8954600346453253,0.8136021824379789,0.8954556686879686,0.8152755685573139,0.8340596560878397,0.8433108736410552,0.8362209399910074,0.8303406361705455,0.832974705178253,0.8434987297253258,0.8356679896907848,0.8425823187403187,0.8404313665754204,0.8420653061257827,0.8416160850547009,0.8316793149623696,0.8545622279404889,0.8424479608017861,0.9062790079401868,0.816271032224261,0.8407209099748723,0.8363630572025861,0.8223032544433069,0.8453037816654912,0.8280651272541198,0.8415764719238873,0.90972780061772,0.9115667483296124,1.0,0.9098523573692472,0.8384266154500195,0.9098519489864552,0.8404064552251149,0.8609791467494976,0.8182819469226846,0.8121553033610709,0.8061855829665555,0.8088113099953917,0.8183611002920078,0.8140906374458388,0.8175751776720382,0.8154490262967682,0.8177412037775563,0.8172939366705759,0.8048400699508481,0.8289673946787806,0.8182373293275875,0.8920786205748958,0.7927761414861774,0.8157071217063773,0.8125614221916062,0.7984058668826713,0.8200275250465616,0.8037877295670022,0.8172554114697756,0.8953430916635149,0.8983717318791351,1.0,0.8954600346453253,0.8136021824379789,0.8954556686879686,0.8152755685573139,0.8340596560878397,2065001.0,2047640.0,2033241.0,2039691.0,2065461.0,2046286.0,2063217.0,2057950.0,2061951.0,2060851.0,2036519.0,2092552.0,2062888.0,2219190.0,1998789.0,2058659.0,2047988.0,2013560.0,2069881.0,2027669.0,2060754.0,2227635.0,2232138.0,2448683.0,2227940.0,2053041.0,2227939.0,2057889.0,2108265.0,61539.0,59163.0,59322.0,59415.0,61798.0,52630.0,61432.0,61327.0,59746.0,59742.0,65570.0,62946.0,59524.0,34533.0,57298.0,61351.0,58564.0,58261.0,62078.0,58938.0,59731.0,35147.0,32420.0,0.0,35175.0,60910.0,35185.0,61654.0,65884.0
P3353_Maize_BE,0.9702557528409091,0.9713661607992388,0.971149224011713,0.97123649003403,0.9701027728337236,0.9723840152598952,0.9704242863939108,0.970357988560534,0.9709926510538642,0.9709801780693534,0.9668995483244294,0.9702365643886564,0.9709418432104526,0.9875322551662176,0.9718137248157248,0.970427110177404,0.9716333411986786,0.9710791843796344,0.9707758283341024,0.971556211901306,0.97093082629108,0.9999976712871288,0.9900289534368072,0.9834151572327045,1.0,0.9697651340996168,0.9999996121883656,0.9707974928639392,0.9676043666666666,0.8123040389904697,0.8048560756232352,0.7923018561960625,0.7941838389427418,0.8152057137815193,0.8003974797165982,0.8095532301198175,0.8075175381353001,0.8152534524059151,0.8149014485030076,0.7889454784507103,0.8197276586489506,0.817750761476881,0.8800461703923558,0.7857367326741385,0.817088911489092,0.8114477311360381,0.781457009076979,0.826973491992014,0.7964663346682389,0.8135645913832907,0.9991523076042964,0.8912255928766393,0.8723369375820701,1.0,0.8033044042789508,0.9999248925452828,0.8111058116905887,0.8122690220821935,0.8372061042792512,0.8285815463872045,0.8158394576305676,0.8177038724264936,0.840329227593339,0.8231289975521359,0.8342260611882574,0.8321851807838491,0.8396082622469716,0.8392565233651992,0.8159539218090428,0.8448740119018899,0.8422242456592044,0.8911568870671773,0.8085260710051505,0.8419889581812278,0.8351378001654166,0.8047304706425216,0.8518686475858591,0.8197840998922526,0.8379223002848489,0.9991546343485538,0.9002015443920303,0.8870484974390628,1.0,0.8283494384697411,0.99992528032794,0.8355046419596267,0.8394639896886853,0.8123040389904697,0.8048560756232352,0.7923018561960625,0.7941838389427418,0.8152057137815193,0.8003974797165982,0.8095532301198175,0.8075175381353001,0.8152534524059151,0.8149014485030076,0.7889454784507103,0.8197276586489506,0.817750761476881,0.8800461703923558,0.7857367326741385,0.817088911489092,0.8114477311360381,0.781457009076979,0.826973491992014,0.7964663346682389,0.8135645913832907,0.9991523076042964,0.8912255928766393,0.8723369375820701,1.0,0.8033044042789508,0.9999248925452828,0.8111058116905887,0.8122690220821935,2106470.0,2084770.0,2052710.0,2057401.0,2114328.0,2071051.0,2098972.0,2093837.0,2112514.0,2111629.0,2052998.0,2125763.0,2119096.0,2242214.0,2034309.0,2118504.0,2101266.0,2024759.0,2143362.0,2062635.0,2108272.0,2513944.0,2264971.0,2231877.0,2516071.0,2084186.0,2515883.0,2102189.0,2112151.0,62400.0,59474.0,58965.0,58997.0,62882.0,56164.0,61775.0,61565.0,61448.0,61445.0,67433.0,63347.0,61766.0,27428.0,57005.0,62692.0,59484.0,58057.0,62665.0,58297.0,61438.0,6.0,21945.0,36157.0,0.0,62514.0,1.0,61300.0,68321.0
P3354_OFSP_BE,0.9907677488372092,0.9919776733576642,0.9927727675276752,0.9927628545204225,0.9890291809347526,0.9809765751445086,0.9909709230769228,0.9909768005604858,0.988855163895487,0.9888549382129278,0.9762866584645667,0.9909558614318708,0.9889353510436434,0.968504650824442,0.9890663934426228,0.989157531149054,0.9912725938086304,0.990932187802517,0.9901245605154164,0.9902985455412496,0.9887112072243346,0.9709850859598852,0.9696034417475728,0.9697810564399422,0.970973621183206,1.0,0.9709586832061068,0.9909934015821312,0.9771582755298652,0.8898942857242569,0.912613310884276,0.9048138337593358,0.9089608870090022,0.8943056560899693,0.8501469682895357,0.8882344797408683,0.8871195897561867,0.8689757223619302,0.8685427493606599,0.8243945855505624,0.8972140117141199,0.8700315038658026,0.8381645317196504,0.8614782619139685,0.89685013612041,0.8862070148528394,0.8623629964964987,0.899421680074355,0.8708334719365125,0.8684926962595617,0.8476223933397546,0.8331981121384575,0.8382326650106453,0.8476668762038956,1.0,0.8476538352436591,0.8904422723184316,0.8536971712241401,0.8981865697270222,0.9199938016701986,0.9114007387739034,0.9155871242262558,0.9042257532227128,0.8666333017832762,0.8963274895926692,0.8951971320160487,0.8787694640119946,0.8783318116712875,0.8444185715362644,0.9054025982728438,0.8797658036469632,0.8654212770234615,0.8710014490689941,0.9066807943913492,0.8940093980081584,0.8702542990442845,0.908392454789885,0.8793645874341427,0.8784088719877373,0.8729509913139621,0.8593184350054863,0.8643524839387873,0.8730071113270289,1.0,0.8730071113270289,0.8985350163753173,0.8736529102833642,0.8898942857242569,0.912613310884276,0.9048138337593358,0.9089608870090022,0.8943056560899693,0.8501469682895357,0.8882344797408683,0.8871195897561867,0.8689757223619302,0.8685427493606599,0.8243945855505624,0.8972140117141199,0.8700315038658026,0.8381645317196504,0.8614782619139685,0.89685013612041,0.8862070148528394,0.8623629964964987,0.899421680074355,0.8708334719365125,0.8684926962595617,0.8476223933397546,0.8331981121384575,0.8382326650106453,0.8476668762038956,1.0,0.8476538352436591,0.8904422723184316,0.8536971712241401,2144636.0,2196706.0,2176188.0,2186184.0,2159056.0,2069295.0,2140197.0,2137498.0,2098273.0,2097228.0,2016252.0,2161866.0,2100652.0,2066401.0,2079725.0,2164918.0,2134662.0,2077941.0,2169005.0,2099694.0,2097412.0,2084380.0,2051829.0,2063849.0,2084514.0,2387740.0,2084514.0,2145468.0,2086056.0,19294.0,17146.0,15462.0,15568.0,23042.0,38964.0,18733.0,18722.0,22744.0,22733.0,47805.0,18940.0,22679.0,64545.0,22414.0,22750.0,17890.0,18405.0,20965.0,19361.0,22784.0,60460.0,62380.0,62123.0,60515.0,0.0,60521.0,19091.0,47513.0
P3401_Brown_teff_BE,0.9701043986742424,0.9711491476190476,0.9709645334636052,0.9710477102576568,0.9701315942028989,0.9724983357108892,0.9701891547958216,0.9701180456490728,0.9707932024310424,0.9707803461178672,0.9666681014492756,0.9701009995350998,0.97068012575687,0.9874846550179212,0.9718125221238938,0.9704726865671642,0.9717222772277226,0.9711457847976308,0.9707642784693408,0.9714163333333332,0.9707265698219304,0.9999945126782884,0.9897844838280904,0.9827912438478746,0.9999968448139352,0.9695107139434594,1.0,0.9709984857142856,0.9675542483349192,0.8117851541831703,0.8040151031383104,0.7907468583955853,0.7933231610700442,0.8157645580822319,0.8023280605286365,0.8095567312106031,0.8077887184589234,0.8159579353883744,0.8155371219785128,0.791689306812398,0.8196614349288769,0.8184900653108089,0.8816123438208749,0.7838629758975232,0.8176261081548089,0.8118896358252572,0.7823242830908131,0.8270499306683265,0.7962870602003512,0.8148077372932618,0.9989618902365854,0.8925902106975203,0.8733955015405611,0.9995109270796272,0.8027938491215283,1.0,0.8102910892895412,0.8123498556405319,0.8368018486387307,0.8279007453278445,0.8143931432540062,0.8169765014527913,0.8408803124822449,0.8250174124381824,0.8344318499220662,0.8326705415715256,0.8405064367416948,0.8400840882696388,0.8189877224928175,0.8449238123882793,0.8432129633566016,0.8927858669407628,0.80659896641833,0.8425029570352806,0.8355161293014086,0.8055683248976212,0.8519575235837719,0.8197175946877064,0.8393792470754454,0.9989673718919344,0.9018025896358148,0.8886887291760946,0.9995140807325262,0.828040203760292,1.0,0.8344926394951843,0.8395910172876805,0.8117851541831703,0.8040151031383104,0.7907468583955853,0.7933231610700442,0.8157645580822319,0.8023280605286365,0.8095567312106031,0.8077887184589234,0.8159579353883744,0.8155371219785128,0.791689306812398,0.8196614349288769,0.8184900653108089,0.8816123438208749,0.7838629758975232,0.8176261081548089,0.8118896358252572,0.7823242830908131,0.8270499306683265,0.7962870602003512,0.8148077372932618,0.9989618902365854,0.8925902106975203,0.8733955015405611,0.9995109270796272,0.8027938491215283,1.0,0.8102910892895412,0.8123498556405319,2106129.0,2083726.0,2049729.0,2056231.0,2116394.0,2076469.0,2100164.0,2095731.0,2115453.0,2114390.0,2061293.0,2126571.0,2122265.0,2247034.0,2030112.0,2120478.0,2102893.0,2027518.0,2144274.0,2063130.0,2112616.0,2514280.0,2269728.0,2236722.0,2515656.0,2084077.0,2516879.0,2100317.0,2113149.0,62941.0,59910.0,59350.0,59433.0,63158.0,56334.0,62436.0,62240.0,62007.0,62003.0,68291.0,63854.0,62464.0,27442.0,56900.0,62719.0,59584.0,58298.0,62905.0,58728.0,62003.0,8.0,22713.0,37571.0,2.0,63023.0,0.0,60833.0,68667.0
P950_Fermented_Rice_BE,0.9962929884032116,0.9925813119395942,0.99267369352585,0.9926788682745826,0.9954824143985954,0.9813697224880384,0.9969960502693,0.9967936032388665,0.9948275857461024,0.9948257104677062,0.9738529115779188,0.9928373485193622,0.9948313911111112,0.9679711929307808,0.9951595393206142,0.9955198944591028,0.9928877253619804,0.9933947630331754,0.9978980925360108,0.998035427389706,0.99482101203745,0.971106783018868,0.9684635972959922,0.9691907249159868,0.9711077075471696,0.9908108786610876,0.9711176614804338,1.0,0.975338275862069,0.8958914532763674,0.8449712181068197,0.8553142632229533,0.8581455190929903,0.9081502721402772,0.8189826124497661,0.8910495630291069,0.888930854995832,0.8965020779390128,0.8963975694746747,0.797286125889412,0.8726032274199721,0.8972448446756289,0.7956472701260598,0.8602743877841162,0.9076844253859732,0.854629019194195,0.8454727387628188,0.9162520454879536,0.872725914065035,0.8959732621757241,0.8223635180105344,0.802613423423332,0.8069924428286487,0.8223666441330115,0.8549157414143235,0.822543785808578,1.0,0.8122955249277707,0.8992248903731014,0.8512866481998025,0.861626805264665,0.8644744504177565,0.9122715368999476,0.8345301405605047,0.8937342959266731,0.8917902884884518,0.901163267669797,0.9010599143575044,0.8186925524487898,0.8788984708535617,0.9019064463511856,0.8219741206523243,0.8644587664520779,0.9117692478452644,0.8607509161044569,0.8510944190819973,0.9181819790430046,0.8744438224478569,0.9006376537430789,0.8468311954881654,0.8287491916725381,0.8326456517612691,0.8468336084059621,0.8628445244460745,0.8470073384873258,1.0,0.8328346636553453,0.8958914532763674,0.8449712181068197,0.8553142632229533,0.8581455190929903,0.9081502721402772,0.8189826124497661,0.8910495630291069,0.888930854995832,0.8965020779390128,0.8963975694746747,0.797286125889412,0.8726032274199721,0.8972448446756289,0.7956472701260598,0.8602743877841162,0.9076844253859732,0.854629019194195,0.8454727387628188,0.9162520454879536,0.872725914065035,0.8959732621757241,0.8223635180105344,0.802613423423332,0.8069924428286487,0.8223666441330115,0.8549157414143235,0.822543785808578,1.0,0.8122955249277707,2236027.0,2116823.0,2142535.0,2149616.0,2268469.0,2075156.0,2222374.0,2217540.0,2240847.0,2240590.0,2035774.0,2185483.0,2242695.0,2043934.0,2149577.0,2267220.0,2140357.0,2116345.0,2283166.0,2174406.0,2239540.0,2105744.0,2060781.0,2070470.0,2105750.0,2145563.0,2106182.0,2486616.0,2070940.0,7581.0,14937.0,15366.0,15422.0,9753.0,37082.0,6004.0,6032.0,11039.0,11043.0,52787.0,15100.0,11062.0,64807.0,9383.0,9125.0,14594.0,13612.0,3696.0,3374.0,11050.0,60714.0,64486.0,63214.0,60712.0,19162.0,60719.0,0.0,50898.0
Reference,0.975773074684772,0.9754932799611838,0.976076505376344,0.976105487804878,0.9758434296913278,0.9760422908560312,0.9756628550512444,0.9754590224828934,0.97603488791423,0.9760323148148148,0.989133485899214,0.9755887797763736,0.976132359496124,0.9676437081339712,0.977910198609732,0.976005154487494,0.9757440994688557,0.9767041106128552,0.9754984513922814,0.9772824864598718,0.9760280799220272,0.9678463784822284,0.96766506232023,0.9685259108341324,0.9678468491834774,0.9768692520641088,0.9678463784822284,0.9754887279843444,1.0,0.8164976980763908,0.8154610686187316,0.8106141616116925,0.8122082471420916,0.8079171477375238,0.8129578362043739,0.8107290632148207,0.8093907772892538,0.8115891575409115,0.8115001492087842,0.8684556379865133,0.81400730858302,0.8170065301660456,0.8205296098107866,0.7987962122987733,0.8073396775166086,0.8199550004131692,0.7955085994975956,0.8100339798788682,0.8056857854526839,0.8116418001354221,0.8174545254502502,0.8186696699079922,0.8197831550044133,0.8174549230101054,0.8162051821309342,0.8174545254502502,0.8087009173016358,1.0,0.836770063921024,0.8359473974553467,0.830482198010847,0.8320906472605046,0.8279167775849848,0.8329125119070147,0.8309520640429006,0.8297537452973306,0.8315165447366987,0.8314275428091253,0.8779963982283003,0.8343754309778024,0.836983347819533,0.8479666667735759,0.8168400466979483,0.8271879239618847,0.8403381592156284,0.8144826983460074,0.8303795651574292,0.8244144314621012,0.8315762802646645,0.8446118553774804,0.8460258634790613,0.8464235657860554,0.8446118553774804,0.8355316542170877,0.8446118553774804,0.8290212834879775,1.0,0.8164976980763908,0.8154610686187316,0.8106141616116925,0.8122082471420916,0.8079171477375238,0.8129578362043739,0.8107290632148207,0.8093907772892538,0.8115891575409115,0.8115001492087842,0.8684556379865133,0.81400730858302,0.8170065301660456,0.8205296098107866,0.7987962122987733,0.8073396775166086,0.8199550004131692,0.7955085994975956,0.8100339798788682,0.8056857854526839,0.8116418001354221,0.8174545254502502,0.8186696699079922,0.8197831550044133,0.8174549230101054,0.8162051821309342,0.8174545254502502,0.8087009173016358,1.0,2087179.0,2085127.0,2071495.0,2075507.0,2065096.0,2077557.0,2072667.0,2069678.0,2074075.0,2073853.0,2190011.0,2081206.0,2087711.0,2115107.0,2037467.0,2063278.0,2096079.0,2031587.0,2071239.0,2056360.0,2074224.0,2106739.0,2110266.0,2111258.0,2106739.0,2084090.0,2106739.0,2067851.0,2494328.0,50042.0,50638.0,49109.0,49151.0,49401.0,49576.0,49940.0,50242.0,49260.0,49263.0,23488.0,50555.0,49352.0,68189.0,44559.0,49060.0,50583.0,46895.0,50216.0,46288.0,49273.0,67537.0,67883.0,66261.0,67536.0,47798.0,67537.0,50137.0,0.0
