key,P1211_Sourdough_BE,P2271_Sourdough_CN,P2302_Sourdough_BE,P2336_Sourdough_BE,P2466_Sourdough_Lib,P2468_Sourdough_Lib,P2474_Sourdough_Lib,P2505_Sourdough_Lib,P2506_Topinambur_IT,P2538_Sourdough_Lib,P2584_Sourdough_BE,P2600_Strawberry_BE,P2603_Strawberry_BE,P2604_Strawberry_BE,P2617_FreshMango_BE,P2620_FreshMango_BE,P2709_Sourdough_BE,P2715_MarsSourdough_BE,P2716_MarsSourdough_BE,P2731_FreshMango_BE,P2732_FreshMango_BE,P2733_FreshMango_BE,P2734_FreshMango_BE,P2811_SweetCherry_BE,P2813_SweetCherry_BE,P2814_SweetCherry_BE,P2827_FermentedMango_BE,P2918_Fermented_IQF_Mango_BE,P3181_GREEN_Injera_BE,P3181_WHITE_Injera_BE,P331_Cacoa_CR,P3336_GreenBanana_BE,P3337_BambaraGroudhut_BE,P3338_BambaraGroudhut_BE,P3340_RedCowpea_BE,P3341_WhiteCowpea_BE,P3342_SorghumSeso_BE,P840_1_Sourdough_BE,P840_2_Sourdough_BE,P840_Sourdough_BE,Reference_reformatted,Type_Strain_reformatted
P1211_Sourdough_BE,1.0,0.9005753653374876,0.9984626477363404,0.8836700211674856,0.9998347484730328,0.9995641971008696,0.9994989039296832,0.8454077318446731,0.7905107913333679,0.8876762720355184,0.9984604608123372,0.999704562962458,0.99970811530546,0.9996507800152502,0.998315465337228,0.9983187180713968,0.999172268376422,0.9999168991220804,0.9999144179774688,0.9995985319704456,0.8764621943370479,0.8755416176770355,0.9999165866956944,0.9003069762302259,0.8980028864589088,0.8652851431919213,0.9995510216360814,0.6391195806089769,0.7043689723682416,0.7044335342845138,0.895515340515777,0.8750033903303268,0.8150242186688571,0.773920189055273,0.785032860475923,0.8757258792284485,0.7855061761117988,0.9999159572763034,0.9999162742693084,0.9999168945557498,0.8813800752102785,0.9037620394180867
P2271_Sourdough_CN,0.8789822989047404,1.0,0.8830084605974832,0.8432132183441972,0.882739070235586,0.8812164142261061,0.881234150351667,0.8293147495320962,0.7763665734638365,0.8440132603780056,0.8827115279810529,0.8819194592895775,0.8821795004893329,0.8821623852976326,0.8801984122037705,0.8802010016944636,0.8806214841513135,0.8815630775194262,0.8818625911718206,0.8809639275683364,0.8399265789148527,0.8382017914592981,0.8815630775194262,0.8444849362901679,0.8423582995848514,0.8336396103135723,0.8804686607637571,0.6264742428589535,0.6881236792796035,0.687952961490415,0.8435818670036053,0.8377587880813376,0.8137262059986928,0.7555909693700247,0.767050341108594,0.839084559885441,0.7564298427083876,0.8796041643878169,0.8793060288280772,0.8795896237764866,0.8431058922576586,0.8485548869222401
P2302_Sourdough_BE,0.9730267154157451,0.8849781470806183,1.0,0.8676613939759497,0.9732236448985924,0.9727172272891942,0.9726536794277574,0.8356414870727843,0.7772319394428016,0.866433381565941,0.9973000977979396,0.9729248631331432,0.9729282891428886,0.9728712240602728,0.9715650699018424,0.971569424154092,0.9729690849283128,0.9731206234651664,0.9732986996639612,0.9728117069432588,0.8583583341308405,0.8570300915222551,0.9731175943572,0.878839190402784,0.873014586209129,0.8570679858679461,0.9727601699442986,0.6388387657098167,0.6906695563208154,0.69092046968036,0.872433551378277,0.8564199592432357,0.7973812210366629,0.7623945248021375,0.7671704201554368,0.857373297315684,0.7732858031888595,0.9733004885711202,0.9731200176435733,0.9733017002149814,0.8566356088723401,0.8780962322351787
P2336_Sourdough_BE,0.8783499040825917,0.8557552421219969,0.8826387549460497,1.0,0.8795951607023497,0.8793628984772683,0.8793593867856844,0.8465831315808338,0.783847133241404,0.8995741654676727,0.8826363893451042,0.8791350034246679,0.8791377518283487,0.8791378545596588,0.879083146533604,0.8790800418155237,0.87846674023034,0.8793677956305939,0.8793608817772245,0.8790457041863348,0.8596138884893801,0.8580947261554362,0.8793659538111411,0.9019810159449018,0.9257484313756048,0.8507562332758754,0.8782132903387939,0.6370747074898386,0.6972264498093181,0.6970733343158079,0.8979533018090977,0.8572067721002189,0.8196636083051889,0.7650464373494493,0.7756048045308396,0.8587843495880564,0.7881830012698747,0.878418454017774,0.8784179237313985,0.8784187641182096,0.8759023301087183,0.9178744939179768
P2466_Sourdough_Lib,0.9943090493777232,0.9017031052605124,0.992936463935667,0.8774128249341457,1.0,0.9986683446433984,0.9987104387163036,0.8440612712765627,0.785406306055532,0.8833099509446748,0.9927476136671076,0.9969896076675072,0.9983929923814452,0.9984116587831572,0.9927335683449214,0.992736205756704,0.9935086922503368,0.9997072595148276,0.9998892703658656,0.9996656395621534,0.8763100583368489,0.8753544218076529,0.9997044642741754,0.89533118488033,0.8927143412873384,0.8637841584820284,0.9939732280675008,0.6385060436658291,0.7001948613849165,0.7004450401025158,0.8894618478196455,0.8743365085160334,0.8164695870447691,0.7668591342027747,0.7787414601015752,0.8760306461629529,0.7779986364368177,0.994604727185092,0.9944205408729936,0.9945898205286342,0.8768755371722853,0.8995477764447045
P2468_Sourdough_Lib,0.9957665960253091,0.9000997208022896,0.9944637637224034,0.878455680418312,0.9999192180478208,1.0,0.9999329327236612,0.8436667221843435,0.7859756224082369,0.8836207316997354,0.9944622110178922,0.9980577153706762,0.998554391807282,0.99849711169058,0.9930223935122314,0.9930265736059958,0.995067170943628,0.9999969157281564,0.9999966132579328,0.9999552934982008,0.8760396576533651,0.8750867481173764,0.9999969157281564,0.8950172727572472,0.8932968195675342,0.8636927923357591,0.9953171209943878,0.6377318105549019,0.6994379110563905,0.6997676332076307,0.8885965271481581,0.8740684800053716,0.8153685964396685,0.7693196972651248,0.7799998000014128,0.8758051944116875,0.7789357897020249,0.9958606976475556,0.9958600765147354,0.9958613187803756,0.8775630420412555,0.8994645217124771
P2474_Sourdough_Lib,0.9952393186859128,0.90117328874982,0.9937118606564812,0.8785929416012003,0.999980609932964,0.999966638332446,1.0,0.8441372013688575,0.7866804902518142,0.8859979511511474,0.9937112385244722,0.9984131427097782,0.9986459690130433,0.998651129776021,0.9945660723077834,0.99457056855841,0.994784690297472,0.9999657075992828,0.9999654045020232,0.99964865461887,0.8778973873836016,0.8767393935793324,0.9999657075992828,0.8957251382903662,0.8944087472829226,0.8642232624597511,0.995030690727719,0.6379094587598414,0.7005356160682363,0.7006234054185243,0.8905328897517707,0.8752731786031099,0.8150336046006352,0.7678330612538448,0.7801158308765221,0.8776362571583198,0.7804491109742668,0.9953491280537596,0.9953488141641272,0.99533419646833,0.8791020125408197,0.8999115695528381
P2505_Sourdough_Lib,0.8146247129237462,0.8260273936517576,0.826532217049016,0.8274428113691393,0.8164689504930748,0.8157630041017885,0.8157556106931675,1.0,0.766494426528049,0.8118603772633592,0.8265054473687814,0.8155425963162273,0.8159746794067837,0.8159829720389508,0.8149721483981254,0.8149802752088819,0.8139354129627365,0.8162603287321952,0.8162848449868192,0.8162480672788052,0.8189692460272872,0.8181979533208812,0.8162594456289872,0.8216287969535502,0.8101727944490184,0.8222618192645942,0.8142463144934662,0.6178781883645107,0.6700065001744466,0.669795692417424,0.81666224729584,0.8178015638838018,0.8028764658744981,0.7475160053073227,0.7485133747979419,0.8182664209803278,0.7480939357673304,0.8147005173806183,0.8146734442946092,0.8147010895129213,0.7944283018347452,0.8077930507255955
P2506_Topinambur_IT,0.7877889085831036,0.7941148958530075,0.7921345580161983,0.786606838966853,0.79007708154731,0.7897467579623451,0.7897414545579978,0.7895817006765192,1.0,0.7837357026165493,0.7920616895902582,0.7893825631654676,0.7896840533067194,0.7896973653493439,0.7894841463786405,0.7894975767359105,0.7876041784203965,0.7899869621577292,0.7900593373604581,0.7896828463889539,0.7882067873920073,0.7871347481666393,0.7899869651997914,0.7969003169086426,0.7879083478562657,0.7808069942489099,0.7877611291432793,0.628164920947485,0.6504009159284669,0.6508820038843407,0.7921947371967227,0.7863367163686731,0.7591432353119242,0.8130841844086013,0.8669926814235854,0.7879128679537609,0.8104059478837198,0.7878614629300199,0.7877939222210885,0.7878614629300199,0.7849267783958069,0.7988631879978805
P2538_Sourdough_Lib,0.855959124705518,0.8305022994221409,0.858192880910706,0.8756210603342067,0.859431226211987,0.8581513899930139,0.8581535874626612,0.8168348813765932,0.7600290414189984,1.0,0.8578452736559421,0.8587484977453813,0.85874960714211,0.8587463883718758,0.8581602328260558,0.8581549869135431,0.8575165473486314,0.858157468920262,0.8585053613988349,0.8581118019633862,0.8354248242494792,0.8340531260837839,0.858157468920262,0.8719502658674876,0.8768629089861681,0.8405255206410576,0.8571792113062093,0.6143390282731006,0.6762573412656975,0.6762592772118262,0.8810343548326416,0.8331774920397811,0.796296310752585,0.7443364782291908,0.7554795369979702,0.8343780821401571,0.7764713060482608,0.8566113365313697,0.8562603660258921,0.8566113365313697,0.8689575450517988,0.8845839889138536
P2584_Sourdough_BE,0.9748599468833518,0.8861923160346161,0.999432303136153,0.8692170049601349,0.974874954859826,0.974610565142556,0.9745478345869042,0.8367933044987809,0.7792229555742954,0.8673275460841232,1.0,0.9747445704445517,0.974748002144748,0.97469085560816,0.9733958152271238,0.9733995705326932,0.9746717491676656,0.9749537454057188,0.974950429614252,0.9749130657524226,0.8588202613236383,0.8574877135295741,0.9749516206516048,0.8807149735555847,0.8756238905474698,0.856002056949283,0.9745793444429052,0.6353658073059149,0.6914647180226199,0.6917179607597844,0.8746803563541069,0.8569048559900114,0.7984874572430628,0.7642494578771912,0.7693802962990542,0.857831606070086,0.7763506181273001,0.9749519184109432,0.9749531383331148,0.9749525254837326,0.8578874217887822,0.8804126593872676
P2600_Strawberry_BE,0.9961427189916572,0.9025959395709438,0.9947691945018567,0.8829160115837463,0.9999144404230051,0.9997129711181998,0.9996939202547036,0.8474835984409155,0.7892155206458156,0.8893638184101521,0.994768569918521,1.0,0.99999314363881,0.9999743988736922,0.9982769580522992,0.9982675961285146,0.9962211741102168,0.9998953711988192,0.9998935092321728,0.9998535117881472,0.880081113965051,0.8796344314299613,0.9998941217555872,0.9009177202727282,0.899895346650501,0.8661867830721264,0.9963715249050774,0.6383206301178734,0.7020337552330179,0.7020102797732908,0.8943090868696757,0.8782309703651611,0.8149931725091615,0.7698065664523391,0.7832447761149198,0.879777147810824,0.7851758842441072,0.9964231681421568,0.9964234835680508,0.9964237927433548,0.8822995401748641,0.90309514981184
P2603_Strawberry_BE,0.9963257643256604,0.9010933479507482,0.9949875002477366,0.8825585447802766,0.999915077242595,0.9990952792348242,0.9990919942512974,0.8440148762374954,0.7901347529527518,0.8891881035149147,0.9949868758194172,0.999356845299628,1.0,0.9999594128702524,0.9982619690232256,0.9982529168671758,0.995983177481604,0.9998800872302974,0.999878842835725,0.999561846818154,0.8802623426482794,0.8798154249666339,0.9998788380153362,0.9002000975146891,0.8991508308732875,0.8672911447678272,0.9963302610630276,0.6392029419087965,0.7020392094225294,0.7020142264542775,0.8929925871611389,0.8787009929528357,0.814019247241388,0.7690608174338348,0.7836012578238151,0.8799584379076743,0.784408999761949,0.9963972052824712,0.9963978297628768,0.9963822177527314,0.8823347774930668,0.9033046376721328
P2604_Strawberry_BE,0.9949757927286468,0.9032980895984388,0.9938398428670774,0.8829713919297699,0.9999331884587834,0.9988357546113412,0.998850545233178,0.8490180058518155,0.7878157851722823,0.8882090285571174,0.9938392183374948,0.9988622048116774,0.9999732799283376,1.0,0.9982882368999492,0.9982837472053784,0.994598228256508,0.9998800848572624,0.9998794698893968,0.9995618445437836,0.8786082908697219,0.8781846722644286,0.9998800848572624,0.9001870610150569,0.8984138866996877,0.8667797288239324,0.995204637277062,0.6400851734122968,0.7036877891558005,0.7036917828858138,0.8939728351613998,0.8774670323364605,0.8191996963026911,0.7688969843919177,0.78235137009368,0.8783690777944984,0.783350057393715,0.9952562170984282,0.995255282787459,0.9952568416458056,0.8824534441298071,0.9022595497196374
P2617_FreshMango_BE,0.9955924262236144,0.9019154121988778,0.9943499790692732,0.8835077319857044,0.9992696404335544,0.998561550686824,0.9984960639013716,0.8460320693666189,0.7895063260066437,0.8909954282752262,0.9943477897845462,0.9982251110923132,0.998844331472324,0.9987808340026544,1.0,0.9999893725610268,0.9947338943888886,0.9999893772837708,0.9999840694795116,0.9993093909695628,0.8813481848298679,0.8807328230799757,0.9999865622669368,0.9013735339254276,0.9001776838915118,0.8669893304642753,0.995780716591158,0.6386649542507198,0.7024361856995538,0.7027424779831841,0.8950312322915599,0.8797045623605374,0.8185637227918884,0.7730845319132245,0.7847939612684536,0.8810874389233677,0.788850876715847,0.995685945232604,0.9956887626912992,0.9956865707603286,0.8838174739307382,0.9032961803018852
P2620_FreshMango_BE,0.9961703428997952,0.9024873004370728,0.9951888797050664,0.8849903678624905,0.9995692954805672,0.9988487080828908,0.998783650379136,0.8480150547792555,0.7901003557376506,0.8898806188544791,0.9951860655257028,0.998144394059782,0.9992951926081328,0.9992362659562688,0.9999936087733672,1.0,0.99504407369644,0.9999975119268776,0.999993140167072,0.9993328663914948,0.8802095977170354,0.8798379028634856,0.9999943841998468,0.9029216260840554,0.9004561322321571,0.8667511900911844,0.996046940254373,0.6416517666897632,0.7032297186834398,0.7035647723927004,0.8956611476996417,0.8785609828619639,0.8165293061909643,0.7697170864447164,0.7827229560122353,0.8799640192351276,0.7847215931620449,0.996264159340732,0.996266971150371,0.9962654101914828,0.8835928024258716,0.9037741600195623
P2709_Sourdough_BE,0.9991588227700235,0.9008977110232088,0.99842689359953,0.8869277886741401,0.9994140470505352,0.9992038339731908,0.999185097028788,0.8482299764654326,0.7907760571089834,0.89058612260773,0.9982416542689606,0.9992932855580798,0.9992923530780452,0.9992784698930806,0.997582737595427,0.9975782453115004,1.0,0.9992072337267388,0.999393105379236,0.999164757485954,0.8795090310440024,0.8785893613496556,0.9992050562644412,0.9013827084542274,0.902084138781421,0.8675372859203743,0.999149777123068,0.6413974703326367,0.7052459172714707,0.7052308318416473,0.897074269065869,0.8778037271390635,0.8169943557330352,0.7756109956908301,0.7855599815048768,0.8787321376311721,0.7865295836338704,0.9993899681055384,0.9992025573967194,0.9993905928226616,0.8839849304263909,0.9049545633725032
P2715_MarsSourdough_BE,0.994349962460022,0.8979243999869256,0.992539021054017,0.8751010513796872,0.9992847526770616,0.9985835159981216,0.9985186063359648,0.8378677985208204,0.7846165035011582,0.8839519671832695,0.9925362311788156,0.9969778518898476,0.9975916009702572,0.997533499211018,0.9911399786432864,0.9911432272531296,0.9935042524511942,1.0,0.9999941188653466,0.9990510165959656,0.8755688250329499,0.874128751130771,0.9999959743453094,0.8929549453987687,0.8909490356420932,0.8624117021639781,0.9947712391302268,0.6353674235232282,0.6982539372175571,0.6983233088120794,0.8867113468227853,0.8733688700351407,0.8131768877791657,0.7692793868366419,0.7794321064559225,0.8753304602291646,0.7810150212303925,0.9944423409487124,0.994445753523972,0.9944435809284262,0.8757212016640344,0.8974677592978771
P2716_MarsSourdough_BE,0.9935681631580684,0.899512050642661,0.9927010311148644,0.8767651800457588,0.9992825643839276,0.9981387676920248,0.9980737430056762,0.8400923644864088,0.7848680749778164,0.8843123281573947,0.992512496948162,0.996435189219238,0.997540453700855,0.9974828780395032,0.9927775662657092,0.9927817516680948,0.993175960491882,0.9998111810334414,1.0,0.998860523116397,0.8769744354311673,0.87562579704842,0.9998105642149544,0.8941287529434119,0.8921441701931406,0.8627600307615911,0.9939756274575916,0.6375439810252479,0.7009221713749096,0.7012543689551822,0.8881845245997756,0.874433946592917,0.8154872588569549,0.7686191402385466,0.7797549638706985,0.8767125290670026,0.7828765519578469,0.9940725382586842,0.9938849462061632,0.9940731593692402,0.8767441228809446,0.898764325782105
P2731_FreshMango_BE,0.9944190317099764,0.9010728593545336,0.9933665672360102,0.8779811380935775,0.999917368390365,0.9989558696538864,0.9988909617062977,0.8423170737273014,0.7861587131863027,0.8852453586062656,0.9933637729664136,0.9969561696230408,0.9983435853780298,0.9982853789912596,0.992966039180186,0.9929692918912388,0.994076839152242,0.9999996919207798,0.9999938010089656,1.0,0.8779077018093869,0.8765773805625001,0.9999962756136191,0.8963631467516899,0.8941091194519315,0.862953685378548,0.9944306630035358,0.6383289812582185,0.6996498198349286,0.6997457727049169,0.8899389019148207,0.8753518502505803,0.814166534361501,0.767311581819722,0.7800301076872123,0.8776635945924396,0.7817445805976825,0.9947348845117724,0.994738302725646,0.9947361265125564,0.8767772196347585,0.9001568263391433
P2732_FreshMango_BE,0.8733439637868968,0.8503420390320694,0.874975516317023,0.8560332839343224,0.8748465347258212,0.8745112054160444,0.8745075485143233,0.8392643540087541,0.7862116752648162,0.8604648466521574,0.8748948658831263,0.8745376576381313,0.8744566978719984,0.8744591229927975,0.8741170092906781,0.8739634847197976,0.8732929641271211,0.8749176514879494,0.8749910061498171,0.8747227637734104,1.0,0.9977711725554738,0.8749151970712099,0.8752331917625668,0.8659823499317548,0.8605515614557427,0.8732300346066312,0.6373247092176602,0.6932191448068732,0.6936198457190312,0.8644161063362873,0.994637236337817,0.8198603467369523,0.7651513071758659,0.7822486479769902,0.9979484586440932,0.7821464808766915,0.8736017334427616,0.8733743964975444,0.8734517120580583,0.8671877404904568,0.8723164772569554
P2733_FreshMango_BE,0.8715408109006006,0.8485291998934869,0.8733243806563733,0.8536008001036004,0.873562412781242,0.873237638162371,0.8732381955094592,0.8383571165209582,0.7839775882357514,0.8588218862722773,0.8731359193519956,0.8734025141930659,0.8732883322813337,0.8732843533651508,0.8727892900292117,0.8726355609810305,0.8717571536539507,0.8735250801106622,0.8737065114614724,0.8733305451581115,0.9995170759052968,1.0,0.8735226253231768,0.8737644723907647,0.8637163540560227,0.8586271746264106,0.8714605121267195,0.6360346310689747,0.6916769082336098,0.6918460213437967,0.8637737598589612,0.9959336602127828,0.8201765216298215,0.7655258789235346,0.7831467847371703,0.999132469033691,0.7807723954622954,0.8719063070264201,0.8715700300357461,0.8717560534787865,0.8639650014560737,0.8716444364151303
P2734_FreshMango_BE,0.9945976919113392,0.8980771169995865,0.9927842674903395,0.8750824168390375,0.9992853703094324,0.9985869214513132,0.9985221277483656,0.8373264132120499,0.7850668487442837,0.8829786450893543,0.9927824075508008,0.996712883291486,0.9976089540829172,0.9975520922917696,0.9911405684931692,0.9911435070805956,0.9935089187655624,0.9999993846153846,0.999996913745242,0.9990510133607132,0.8761016788965503,0.8746615981227959,1.0,0.8929058810941212,0.8904148244412419,0.8622378255854855,0.9947799428429156,0.6368857256509811,0.6980665836832771,0.6983726981993271,0.885958564126959,0.8735931815809481,0.8121221200790107,0.7686329107765858,0.7787853045685665,0.8758222373610655,0.7795675850470632,0.994690691524408,0.994690694183154,0.9946913115218288,0.8750107833756867,0.8971010881397631
P2811_SweetCherry_BE,0.882039666650964,0.8504107291792301,0.883931077560157,0.8888754607264402,0.8846776731614937,0.8840017906903239,0.8840352770195639,0.8366491908824671,0.7830155371891888,0.886765113745275,0.8839404844195067,0.8838346995420076,0.8843775242132542,0.8844022728903892,0.8845327738604202,0.8845468104847402,0.8817557919006443,0.8845600303227408,0.8845539114959577,0.8845278516141658,0.8632093779429145,0.8621469877326806,0.8845600303227408,1.0,0.8947390735317001,0.8550851193500189,0.882019598112865,0.6347193306081533,0.684153535233312,0.6837787802545152,0.8953465229774462,0.860943517303305,0.8098739847778039,0.7571287563081605,0.7684483229208937,0.8624560437384398,0.7864495863699835,0.8820472135186563,0.8820612495414795,0.8820472135186563,0.8827869115338621,0.9080090264951012
P2813_SweetCherry_BE,0.8937870774453488,0.8587207169622494,0.8944053682348825,0.9282485829310247,0.895982354379454,0.8957890596994117,0.895789916120181,0.8454440825838166,0.7885283690996322,0.9047099616028058,0.8942158360273185,0.8951045787107695,0.8954797697524626,0.8954730204967621,0.8957945545939091,0.895790931569835,0.8942082429770349,0.8957927536474066,0.8959794825022068,0.895792155841219,0.8666069234238696,0.8654771743255542,0.8957927536474066,0.9098263406089074,1.0,0.8504581336179573,0.8940302404527579,0.6297233721878149,0.6942265505653828,0.6945830120626704,0.9053376328151108,0.8647414212342052,0.8140987542202845,0.767477739694458,0.7776370332996368,0.8657875730852331,0.791406269453572,0.8942473088413507,0.8940581532998305,0.8942476171797384,0.9046687026820852,0.9429433096085869
P2814_SweetCherry_BE,0.8483688088043227,0.8336626203118843,0.8581778164136479,0.8351568902764697,0.8511819898077283,0.8511676226735361,0.8511600096807076,0.8322622379843944,0.7702788938475411,0.8498535970876034,0.8581460218046518,0.8503282519584083,0.8509132439785169,0.8509217406075604,0.8502655848269987,0.8502715908942637,0.8482602450182354,0.851557867867172,0.8515505490061589,0.8511399486112974,0.855556544027528,0.8543684629809711,0.851557867867172,0.8582402795314688,0.8329833668449795,1.0,0.8488253394211055,0.6270448987649846,0.6968353280285882,0.6967896491289128,0.8438320598369097,0.8537419236741528,0.8302498550921628,0.7546775249987404,0.760544149410118,0.8544719269821517,0.7702457980694422,0.8484468828395418,0.8484524448844633,0.8484468828395418,0.840346662460516,0.8292872276959317
P2827_FermentedMango_BE,0.9991915175163802,0.902274894777756,0.9978302244477308,0.8822050702314932,0.9992212305388868,0.9990662207995056,0.9990018405169532,0.8464156431837144,0.7891922423003901,0.8893760011547948,0.9978292869081752,0.9992859456706704,0.999289812665053,0.999232157373154,0.9982914943429494,0.9982872641291984,0.9987432493515656,0.999885008166668,0.9998843953922104,0.9989289984722612,0.8811169126727877,0.8806942237295033,0.999885008166668,0.9005630726136523,0.8970048305937957,0.8691560249137146,1.0,0.6424497099562742,0.7042355364350551,0.7042237159067235,0.8958348635148623,0.8799992295285742,0.8168136750422383,0.7736554989797539,0.7853168143083576,0.8808376049955156,0.7851537426078687,0.9992474586590888,0.9992474545664372,0.9992480837030444,0.8820450778548724,0.9025097171777284
P2918_Fermented_IQF_Mango_BE,0.6422096705995722,0.6406971182559125,0.6491548806140297,0.6380594126423808,0.644617057839576,0.6438457540604071,0.6438447894623123,0.6277961981341248,0.6265335393645777,0.6344591202865996,0.6489473532437647,0.6435984602959448,0.6439500922878217,0.6439509891468096,0.6416768730290772,0.6416771268037695,0.642231579053039,0.6444262255977138,0.6446334469049572,0.6444016889370577,0.6441998519603639,0.6422012735312029,0.6444269146690874,0.6460065513457418,0.6293363448079534,0.6343166336036675,0.6420754420911043,1.0,0.5306188743418273,0.5307818785921155,0.6407324117058254,0.6417974955187913,0.6109985714868318,0.6136367867276052,0.6148627754655495,0.6428272332651321,0.6199273611639757,0.6424177998739294,0.6422093756424317,0.6424173996317398,0.6229986387782572,0.6423155990172935
P3181_GREEN_Injera_BE,0.900991014316939,0.9043959163374254,0.9053836370215324,0.8953022804708479,0.9031222617521598,0.9028846858117846,0.902797522473926,0.8911148171708775,0.8418758763936268,0.8950954253129828,0.905149078505786,0.902865708313168,0.9029771182867458,0.9028862075286124,0.9025138886072578,0.9025080728393576,0.9019807046791608,0.9028975019492425,0.90312158378558,0.9028735195277244,0.8969561778339563,0.8958409378602245,0.902891733512513,0.8950611711036561,0.8956314265271215,0.9123208383609231,0.901594340395134,0.6824093356945053,1.0,0.9993220315134668,0.8887042421600898,0.8965857310033083,0.8899722403028263,0.8358682554591595,0.8386186418468702,0.8958819048139223,0.8395988417434426,0.9018882399797666,0.9016567143216054,0.9018910671412332,0.90379250302211,0.89251508501024
P3181_WHITE_Injera_BE,0.9019448468963874,0.9056758337726654,0.9062747316563784,0.896874599621848,0.9043456614549102,0.9039310798602016,0.903832390634431,0.8934955852633701,0.843225020286797,0.8973694724873017,0.9060409034277868,0.9038377860961349,0.9041376049620692,0.9040764301042876,0.9034631426699244,0.9034972886984378,0.9023281740197238,0.9041714643640704,0.9044267983923472,0.9041884520921086,0.8987953365386059,0.8975764774983106,0.9041718582676024,0.8960963051716913,0.8967967703626913,0.9152967117414706,0.9021777107923484,0.6838064471292812,0.998617639041964,1.0,0.8900218908151597,0.8982344132820546,0.8919844925974874,0.8362328069646598,0.8380348658523558,0.8976308304290218,0.8387659018001836,0.9025706249485572,0.9023394157855198,0.90256576172668,0.9042229392302278,0.8951128876270936
P331_Cacoa_CR,0.8648511661297111,0.835947899963641,0.867044850514323,0.8695821436153899,0.8661507939231767,0.8659021754752071,0.8658924099433818,0.8243115537620463,0.775985589256405,0.8809330465706536,0.8669565766505037,0.8655857423029185,0.8656259970461574,0.8656345906662254,0.8659134140388565,0.8659175306370264,0.8650995589859014,0.865959469803025,0.8660463612769946,0.8659581190311085,0.8459571736638833,0.8459445398853632,0.8659591686968436,0.8870157465697082,0.8788652091177773,0.8366999070773162,0.8649922770212792,0.6219798438223344,0.6687190088305806,0.6686309754461192,1.0,0.8455936285265669,0.7918875267427807,0.7424674721499201,0.7600240349679314,0.8459508181677149,0.7627087008757583,0.865211961879401,0.8651231186506849,0.865211961879401,0.866903180331557,0.901066460142816
P3336_GreenBanana_BE,0.874856722062009,0.8501077326174752,0.8765253382246501,0.8571708523112551,0.8762171990169783,0.8759643721127504,0.8759649090020167,0.8394107598597552,0.7864833000809869,0.8609428516194637,0.8763370885797666,0.8759072112098588,0.8759438816185202,0.8759399049150232,0.8752931832633197,0.8752895471824879,0.8750329260201226,0.8760295253389782,0.8762113949752732,0.8759851853985504,0.9995688005229598,0.9988585813282516,0.8760273758347541,0.8767922947342572,0.8662827158306565,0.8621205825093626,0.8747652129339102,0.6383888364677822,0.694517600158863,0.6947127692614895,0.8671722461723735,1.0,0.8226742315801276,0.7669445615367237,0.7840761627107856,0.9982733008135302,0.7814775157527998,0.8750606675844264,0.8748742041655957,0.8750606675844264,0.8684457435772301,0.872613438995132
P3337_BambaraGroudhut_BE,0.8084137173859056,0.8331649684086305,0.8145239712732447,0.8159775606313554,0.8107799687834669,0.8104828361087524,0.8104804233327348,0.8222740623395748,0.756697686784146,0.8131244644232754,0.8142380714823401,0.8099158234734872,0.8102501281326184,0.8102500823220573,0.8107133055148453,0.8107132070015237,0.8085253016586799,0.8110403264970444,0.8113215311643631,0.8102014122079012,0.8193423614383244,0.8185228738454295,0.8110394583062432,0.8212770727165902,0.8060008522766369,0.8365533852545046,0.8088946302394825,0.6053200316523961,0.6879346052456109,0.6880306216920256,0.8102994392699999,0.8166863235740557,1.0,0.7361387442398246,0.739721153090421,0.8191057243096548,0.7413350635993017,0.8087806914705105,0.8084986983700011,0.8087785558711422,0.814381012830868,0.8006353094955756
P3338_BambaraGroudhut_BE,0.8277786866017944,0.8313940591683556,0.8364933372567471,0.8269940815228932,0.8296616182839388,0.8296512823123852,0.8296537118342198,0.8305573592734192,0.8775112798730231,0.823105277352618,0.8364270884255957,0.8295409842155315,0.8296323838054925,0.8296297682022513,0.8287886706305313,0.8287951737583598,0.8280883249056864,0.8296540420440659,0.8296538229111076,0.8293233175996083,0.8280930068582801,0.8275392751892704,0.8296521435207825,0.8303908633606439,0.8269524044401585,0.8219237004203899,0.8279333434609305,0.6603728849690629,0.7007621211330374,0.7007411206515244,0.8230428083343686,0.8273314905028991,0.7999944436468677,1.0,0.9043398218154394,0.8275389533638602,0.919227250096257,0.828115885220433,0.8281190155412615,0.828115885220433,0.816986958095437,0.82418892822711
P3340_RedCowpea_BE,0.8377098370480349,0.8392393137146419,0.8426590857298719,0.8350490781398222,0.839856522395759,0.8398127137375567,0.8397010501942471,0.831697004403728,0.9348459864104692,0.8378505406420901,0.8426553930112194,0.8394967756087295,0.8395156201657851,0.8394495866902802,0.8390967684234368,0.8390987501818096,0.8378353106332241,0.8398046253690707,0.8398151515240259,0.8397696251275798,0.8498209017018179,0.8481720350239151,0.8398060753167951,0.8408808328969238,0.8376321787647429,0.8285514664132263,0.8377266143194556,0.6595386275955656,0.7050940162391997,0.7052610788564111,0.8402840553242077,0.8471513337093366,0.8005222859126558,0.902282941440084,1.0,0.8484525817960137,0.9007251196724444,0.8377941526311223,0.8377867852152766,0.8377934168466823,0.844937390755558,0.8424255194645005
P3341_WhiteCowpea_BE,0.873497944126846,0.8522104625396689,0.8749657415204213,0.8563319492335981,0.8756146406904795,0.8752939233972132,0.8752939211403445,0.8393340563059448,0.7863101107501916,0.8602024322556939,0.8747773037935518,0.8750182679798716,0.8751235425506825,0.8751192620336881,0.8746302732703419,0.8746272460967149,0.8735634598442744,0.8754307797013872,0.8756124934995613,0.8753864828586472,0.9991889908293994,0.9986052413793473,0.875428325766674,0.8762838555545835,0.8664017579599693,0.8603583501290701,0.8734195560321844,0.6373401586803594,0.6940255707433476,0.6941596016115935,0.8642045225129867,0.994470713252613,0.8212814551420492,0.7651009755404209,0.7833027403569731,1.0,0.7815469764143502,0.8737146108207623,0.8735292003717618,0.8737146108207623,0.8675415825159023,0.8721766113646606
P3342_SorghumSeso_BE,0.7851562653215443,0.7768666203280085,0.7924031416729288,0.7942901455791648,0.7876672208060682,0.7876543950931857,0.7876561555124793,0.7730197925460744,0.8193257641578888,0.8035621160070984,0.792382377646595,0.7873945900139123,0.7873942216214618,0.7873915895434143,0.787598149966157,0.7875952788378946,0.7855655813731155,0.7876652307837365,0.7876637905940811,0.787371444049867,0.7900351627545247,0.7885271722058198,0.7876625588532011,0.8050452314218142,0.7965394987820968,0.7813938357823698,0.78529868671367,0.6220433539159018,0.6565525084221269,0.6564982426821191,0.789524708177669,0.7875679811436561,0.7486814575209328,0.8559204060699603,0.8419068491913887,0.7888537888982432,1.0,0.7854709090593442,0.7854702019246167,0.7854709090593442,0.7966603811806793,0.7937573954255187
P840_1_Sourdough_BE,0.999701619844936,0.9007153371327228,0.9985520397597754,0.8839619319701505,0.9999178480580936,0.9993826498270612,0.9993325198595164,0.8465530785093975,0.7894536688767261,0.887530289581625,0.9983620660255867,0.9995805102336082,0.9995996866735822,0.9995267291982596,0.9981633041842763,0.998167184133522,0.9991750361368325,0.9997959811342176,0.9999825256749324,0.9994776003986734,0.8760687858681591,0.8751489207353764,0.9997959811342176,0.9000069263156687,0.8980795511956297,0.8657018702695464,0.9994269511870916,0.6414605097353044,0.704580394331632,0.7046431272732331,0.8953198153383645,0.8745021477617299,0.8156839511856618,0.7731596798330829,0.7842005206090825,0.8753335684882012,0.78445630282979,1.0,0.9998109782473388,0.9999850028822586,0.8823901833005963,0.9037202051508042
P840_2_Sourdough_BE,0.9998681578114256,0.9016239922039112,0.9988076751968747,0.8826158665602902,0.9998984855185704,0.9995479414006392,0.9994985763967396,0.8456253183737135,0.791525330348105,0.8886867847609929,0.9988048635312116,0.9997623653923696,0.99978184741922,0.9997073317667882,0.9983632407442188,0.9983671093631454,0.9991754090348666,0.9999653290396288,0.9999597189245744,0.9999234584566012,0.880299230249715,0.8798807639144285,0.9999618922774276,0.901096012492881,0.8973695287192681,0.8683667650764559,0.9996176380913778,0.6405373397744798,0.7030890616805664,0.703154020137887,0.8955682456816993,0.8793178772777763,0.814644868714609,0.773196736079486,0.7866885938440417,0.8800656729452396,0.7853563941245917,0.9999768845036354,1.0,0.9999628250175736,0.8817813168585864,0.9027501973268184
P840_Sourdough_BE,0.999839716150738,0.9012096352972032,0.9985667050783869,0.8842455295805024,0.9999162848317332,0.999738203593792,0.999672906693848,0.8457507986327333,0.7892773288842487,0.888635396557365,0.9984864135480658,0.9997204819611736,0.9997240357357612,0.999666698450879,0.9982876332704732,0.9982921375592998,0.9994330176549936,0.999920956115895,0.999996585425978,0.9996025710404264,0.8762362895550446,0.8753164247243109,0.9999203312277865,0.9003676703820086,0.897834895117417,0.8659317442605162,0.9995669235281524,0.6403678339856917,0.7040233242338964,0.7040892870191711,0.8949211837143671,0.8744826948245102,0.8157332685469182,0.7722877145133573,0.7830381272989508,0.8754592094345669,0.783385034598493,0.9999984377792468,0.9999206436718406,1.0,0.8814492147195232,0.903563621221936
Reference_reformatted,0.8741474583823555,0.8588268740738341,0.8748909667089616,0.879948458526348,0.8778879528837544,0.8768919766832917,0.8769001172568585,0.8310237978520879,0.7860557152247333,0.894583196209896,0.8743679294896827,0.876749402511041,0.8770537875757445,0.8770480770085749,0.8769237137674007,0.8769149540887203,0.8760323404460707,0.8769149644827064,0.8774455286619656,0.876845546725861,0.8698487933819851,0.8692594965540039,0.8769149644827064,0.8954986337388037,0.9077348511914696,0.8600973919947038,0.8755779099597921,0.6241542004609322,0.7044707254003036,0.7044635522574763,0.8939977403867755,0.8683188819863952,0.8245073414740122,0.7588639041611214,0.7846239728883986,0.869559443904676,0.793779450647399,0.8752048972973885,0.8746755141496039,0.8752048972973885,1.0,0.9024086564163328
Type_Strain_reformatted,0.8887138245725688,0.8571688528228876,0.8898300101387064,0.911409529518448,0.8921148652160721,0.8909565578668891,0.8909450966196779,0.8321061354551199,0.7911704569872466,0.9025775033735532,0.8891900429431018,0.8908981557126945,0.8908978498959641,0.8909089366011207,0.8901014099306118,0.8900913842955989,0.889831981933762,0.8910028961180217,0.891630866200266,0.8909807427749677,0.8665949045865139,0.8661149185234653,0.8910028961180217,0.910436645446892,0.93421302017334,0.8383028133619016,0.8894857425337678,0.6384268443382024,0.6901737917488381,0.6901698010626365,0.916500236636087,0.8646882343741293,0.7999741252484944,0.7577781915752099,0.7776728903334457,0.8661139536026121,0.7822986116124464,0.8896651696960359,0.8890260354698347,0.8896651696960359,0.8936213410811945,1.0
