group_59.aln,0.09030287803132099
ziaR.aln,0.00509521054530085
pyrP.aln,0.005482595913108308
group_152.aln,0.02206399559836511
rnhC.aln,0.018663340108080788
group_1092.aln,0.009897437229704749
group_175.aln,0.02264889599870049
ybiT.aln,0.024296176629776796
group_1029.aln,0.004853332212089643
group_1330.aln,0.0013426760213114505
ptpB.aln,0.015214811361565004
rsgA.aln,0.015033052070896903
mnmG.aln,0.013513259978034643
group_415.aln,0.3354206673762735
mntH_1.aln,0.016146465913130258
group_386.aln,0.101509761281921
group_1424.aln,0.031809866969947864
yvyI.aln,0.01745915770319227
dfrA.aln,0.016727099560262092
group_215.aln,0.049481175119154154
group_821.aln,0.01938228762898709
nrnB.aln,0.017198520802134264
rpoB.aln,0.007176126796684824
murC.aln,0.013512658566619368
pepF.aln,0.019151858699632675
nhaC.aln,0.024281797074608112
group_1432.aln,0.028399444156386976
thyA.aln,0.020484967563038265
group_226.aln,0.020915079683981163
gmuR.aln,0.01558942689631203
comFA.aln,0.013442936675525211
group_691.aln,0.01845910335654682
pstS1_2.aln,0.012525785269870185
group_151.aln,0.02582028101340853
dtpT_2.aln,0.03582324331315937
murE_2.aln,0.01846290266959523
group_361.aln,0.0421369710612096
mntR.aln,0.009407712562995565
nusB.aln,0.017299877214626135
hpf.aln,0.003701436010011012
group_311.aln,0.01660729297298327
group_1354.aln,0.006810596392338603
group_632.aln,0.1182808090015765
group_1108.aln,0.021225915698895936
rluD_1.aln,0.03505104913771889
group_62.aln,0.029010294503444386
group_344.aln,0.013945388498823605
rulQ.aln,0.023001659858653302
group_1198.aln,0.0152488308778008
group_316.aln,0.21429372844304465
cycA_1.aln,0.027262800565567173
group_140.aln,0.06398799268433403
dapE_3~~~dapE_1.aln,0.03226507410785136
group_439.aln,0.015499934329375313
rpsT.aln,0.006547203489467916
hpt.aln,0.009722370479955307
group_1331.aln,0.01665155572172164
pdxB_2.aln,0.028829651411100596
group_651.aln,0.010919224560720493
group_156.aln,0.05201504919995534
ppx_2.aln,0.00953889492638952
group_384.aln,0.024682347850710586
rpmB.aln,0.01070964488378253
group_1396.aln,0.018417259078852454
opuCB_2.aln,0.019159444842440844
group_403.aln,0.09557714370495786
mntH_1~~~mntH_2.aln,0.1795112024637523
dnaJ.aln,0.0427929747386808
zwf.aln,0.010554821390167501
group_1397.aln,0.014762653368521273
rpsQ.aln,0.0
mmuM_2~~~mmuM_1~~~mmuM.aln,0.059831571058826645
kdgR_1.aln,0.021363121147794
sigA.aln,0.015295678092830492
ftsW.aln,0.025856474406610555
group_741.aln,0.0063395487790723895
bcaP_1.aln,0.02642102921709109
elaA.aln,0.01659469654760989
lgt.aln,0.009380341914847332
kup_1~~~kup_2~~~kup.aln,0.05551921868060573
pheS.aln,0.008047683944149623
group_365.aln,0.029871371489944665
ligA.aln,0.013244497236245623
lysN.aln,0.040341808888376914
group_1407.aln,0.011935605612371017
holB.aln,0.01274491754555429
mtnN.aln,0.016380635249273266
rnz.aln,0.008124064324349511
mecA.aln,0.008985833078569016
group_234.aln,0.02705652261372024
htrA.aln,0.02344962366866588
ybhL.aln,0.007550918802983763
group_107.aln,0.01513312447282623
ybjI_2.aln,0.025195188796257605
rplE.aln,0.004775113020669411
metK.aln,0.01203684100212486
paiA~~~paiA_2~~~paiA_1.aln,0.0966856672904657
mutS.aln,0.04396319824737544
group_1409.aln,0.015798755545893526
rplU.aln,0.006547899311851784
ribBA.aln,0.03743411848989143
group_266.aln,0.016296649098978256
gpsA.aln,0.006785004349044454
group_1005.aln,0.007266217279017488
ddl.aln,0.013019501821909989
pdxK_1~~~pdxK_2.aln,0.02159008973486382
group_1337.aln,0.01928471879047814
dapX_3.aln,0.024446568776619132
group_179.aln,0.024090359249965602
padR.aln,0.02949567761759711
rplS.aln,0.006280880063981853
group_534.aln,0.007635840548610275
group_1325.aln,0.0001909325426823254
lnrN~~~ybhR.aln,0.10282996497699974
group_205.aln,0.011345806891803147
group_223.aln,0.029099863003198553
ykoE_2~~~ykoE_1.aln,0.09739028353733696
infA.aln,0.002906457389474031
group_142.aln,0.03319293558271553
group_30.aln,0.2745648026625884
group_1306.aln,0.013486934334520388
group_919.aln,0.010357108469626359
qorB_2~~~qorB.aln,0.06419058819868217
group_15.aln,0.013394979126490446
pgsA.aln,0.012974268172448969
ettA.aln,0.02074943144173055
dinG.aln,0.023377446538754346
plsX.aln,0.01693255733322448
mhpD.aln,0.025739330658001047
walR_2.aln,0.03288035329324752
group_79.aln,0.024410631248635867
dapH_2.aln,0.019184828847847762
rplD.aln,0.011743483439736822
group_1329.aln,0.010954136123036265
kdgR_3~~~kdgR_2.aln,0.014573005799459181
group_693.aln,0.014345131628787457
endA.aln,0.023427705998178547
glnQ_1.aln,0.023128579074523477
group_197.aln,0.02156260909401588
gshAB_6~~~gshAB_5~~~gshAB_4~~~gshA~~~gshAB_3.aln,0.3016626920860338
rplF.aln,0.008297090888841554
group_1366.aln,0.005885170138253812
group_14.aln,0.011308911493659243
group_796.aln,0.014269048131041528
group_389.aln,0.03380264505314624
greA_1.aln,0.01618147137642903
pyrAA_2.aln,0.020199928456622128
purF.aln,0.016605902741077955
ecfA1_2~~~ecfA1_1.aln,0.013455149246286439
zur.aln,0.021032913944856898
ppk.aln,0.01968572761306108
ldhA_2~~~ldhA_1.aln,0.03828344713457001
dnaD.aln,0.014195740437165129
group_880.aln,0.008648635251358356
dusB.aln,0.007435627928982068
group_369.aln,0.019940593402511246
ftsL.aln,0.02831781222653881
group_728.aln,0.014458980507516863
patB.aln,0.09347551196650347
hrcA.aln,0.02482673612659643
comGA.aln,0.008356373561272827
group_239.aln,0.01858514663083232
group_284.aln,0.031410959886747844
fusA.aln,0.012567224158133404
pdhB.aln,0.00889789499902811
group_1048.aln,0.006154437531968552
group_1069.aln,0.0019682409857861034
pbp2a.aln,0.02070067004917883
rodA.aln,0.042789977156597735
rluB.aln,0.00472241532595232
gdpP.aln,0.011808182457279012
mtnU.aln,0.01586835711544509
fmt.aln,0.009898377775816581
coaD.aln,0.015084298085239435
clpC.aln,0.00902013277732483
rlmH.aln,0.012142954568703677
rpmD.aln,0.005027772566178555
sasA_3.aln,0.05415389915395284
kgtP.aln,0.011698785837654834
group_428.aln,0.03468946602739579
group_770.aln,0.00985027898684648
rihC.aln,0.0285537397613229
gluP.aln,0.02286708740196751
group_168.aln,0.03933994160056246
group_194.aln,0.029465398531673372
group_591.aln,0.009862299874989518
rfbX.aln,0.26262510764914787
group_185.aln,0.018689451763286437
yhaM.aln,0.021386462608526453
gtaB.aln,0.009600311871738569
group_748.aln,0.019541423789640865
group_883.aln,0.00933489013777001
bglK.aln,0.023638664152318592
budC_2.aln,0.013763494635009926
group_1299.aln,0.012961714963391487
folQ3.aln,0.021577695194606117
group_1363.aln,0.01717202318079556
yfkJ.aln,0.0062312281395706225
mbl.aln,0.014931258227526003
mvaA.aln,0.021061410540257657
purA.aln,0.030977858093456125
group_788.aln,0.012426332166136117
tagU_2.aln,0.047162704246237364
fluC2.aln,0.04030580793491583
argR_2.aln,0.008033469922496527
ppaX.aln,0.017802442549809984
group_258.aln,0.019998452188938826
group_170.aln,0.029270575633719164
group_476.aln,0.06388063205520092
group_1359.aln,0.010838426361896091
htpX.aln,0.012689719118276762
group_803.aln,0.01489794600182233
pspA.aln,0.0530456489273243
nadK.aln,0.010791077275407008
dnaA.aln,0.0094318843265262
rsmH.aln,0.039045379595673516
dltA.aln,0.01708665830922801
mprF.aln,0.010173890902258523
mraZ.aln,0.0033529605125931783
group_1028.aln,0.019827624900412465
purR_2.aln,0.03262159086086039
gntT.aln,0.016741991333991645
gap.aln,0.004804262809343023
yedJ.aln,0.01928583879893643
trxA_2.aln,0.017408415119116675
srrA.aln,0.03712683565930705
rimM.aln,0.018965175482880164
nrdE.aln,0.039566001667194234
adhA_2~~~adhA_1.aln,0.029632813268061664
rpoY.aln,0.0008018759571721163
exoA.aln,0.014888817253763457
cmpR_2~~~cmpR_1~~~cmpR.aln,0.030739983324738363
spx_2.aln,0.008731356738542034
rnc.aln,0.01503317880583793
group_72.aln,0.009813619644267175
group_232.aln,0.24565639913273368
rpsR.aln,0.002685713790273472
group_329.aln,0.022001928466764062
group_304.aln,0.014367736568493168
rpsD.aln,0.011790376718557538
miaA.aln,0.02910279920170526
group_233.aln,0.022255291865985925
group_98.aln,0.02468355551907765
lpa.aln,0.09560315617355869
group_1420.aln,0.129304436606265
ktrC.aln,0.012574344166408796
nupG.aln,0.012182691774760123
argH.aln,0.02661166533451235
yabA.aln,0.006422306313164057
mgsR.aln,0.021219450680743806
rpsB.aln,0.009435107347953097
group_190.aln,0.028396866604687824
dnaB.aln,0.018854678871308688
thrB.aln,0.021531338452700194
ascD~~~nqrF.aln,0.05341241823903611
ywnA.aln,0.006621313361431811
group_1421.aln,0.031859714244255995
greA_2.aln,0.005428971214727451
kefG.aln,0.009866316651229322
csp.aln,0.007527808571212915
group_1160.aln,0.020538700996355467
mrnC.aln,0.006481468367888119
xerC_3~~~xerC_1.aln,0.04778213541403056
group_667.aln,0.015311333812140926
efp.aln,0.011671095803223678
group_448.aln,0.21163266897302227
group_228.aln,0.023310814359240768
rocE~~~rocC.aln,0.02976339964675406
carB.aln,0.024562038032606193
glcU.aln,0.043500811919769476
uppP.aln,0.0070428239284047005
rsmI.aln,0.020315023545580384
group_979.aln,0.006156792601119668
hmpT.aln,0.01833197091719561
asd.aln,0.024195105747208696
ykuT.aln,0.0175718588515711
group_288.aln,0.03446269010580754
group_153.aln,0.009802273874273765
group_247.aln,0.018501189386557596
brnQ_1~~~brnQ_2.aln,0.054750827198771786
group_1347.aln,0.014349113720142775
group_719.aln,0.01077062754824117
recA.aln,0.012001408119750964
rarA_1.aln,0.015073024565054275
rasP.aln,0.014533223163393621
dyp.aln,0.254041836064291
rpsP.aln,0.0
group_293.aln,0.04636657408688454
asnA~~~asnA_1~~~asnA_2.aln,0.10822674673895977
galK_1.aln,0.014106427646611302
galT.aln,0.01987489297697748
group_1405.aln,0.019529055842776505
ezrA.aln,0.014668482842775311
rpoC.aln,0.0068331700959891415
uup_1.aln,0.02395802609342394
mepA_3~~~mepA_2.aln,0.3212371915228578
yhaP.aln,0.2961124748865563
rqcP2.aln,0.01133685538426454
mltF.aln,0.01950533035926592
group_378.aln,0.029110287967334645
dnaK.aln,0.02908965690751995
group_133.aln,0.017650208202286587
copY.aln,0.021200951811327032
dacA_3~~~dacA_2.aln,0.05011603611910847
pstB3_2~~~pstB3_3~~~pstB3_1.aln,0.05960268398701563
metI.aln,0.03560034135478408
gtfA_1.aln,0.01941946244514268
group_189.aln,0.017693562948113604
group_1367.aln,0.012541424208848479
group_1319.aln,0.015709723099672213
group_227.aln,0.0346251011067185
group_851.aln,0.01362344780569476
lolD.aln,0.01539626579414953
group_397.aln,0.03256924243810369
group_295.aln,0.02886793117610399
nusA.aln,0.011130042131898334
menB.aln,0.014257415404053267
sepF.aln,0.007047939249603062
hisF~~~hisF_1.aln,0.2997909542913673
group_823.aln,0.011048564458724498
pyrG.aln,0.01860975225447901
group_794.aln,0.03202674821257808
nrnA.aln,0.029189695504895297
tal.aln,0.03605566990105502
group_1002.aln,0.005587537728739708
purB.aln,0.016452093040069515
group_202.aln,0.014017861356372993
asnB_1.aln,0.009153596312851573
pcrA.aln,0.012126046717094037
group_969.aln,0.006547524779754621
yagU.aln,0.014777361924943635
tilS.aln,0.014318384460671069
group_181.aln,0.012757770374458197
gmk_2~~~gmk_1.aln,0.024865390887537944
yjeM_1.aln,0.01115397402074934
ytlR.aln,0.015150042891186743
bcaP_2.aln,0.16357182276480123
group_63.aln,0.05348942502581955
pdxK_1.aln,0.01946712884584303
rarA_2.aln,0.016945475494314546
group_1304.aln,0.003850950503130809
rpsH.aln,0.0008681965250585319
mfd.aln,0.013363691595036387
group_449.aln,0.10814976809213905
group_343.aln,0.011152156839303495
mreC.aln,0.012885527266767898
yqeY.aln,0.009682399670137063
rny.aln,0.013904225202225111
dkgA.aln,0.009825342108707554
vioD_1~~~vioD_3.aln,0.021029526548500214
group_904.aln,0.007554493298445306
group_765.aln,0.01608329504879328
group_251.aln,0.03965549677770995
pbpA.aln,0.017712080606278043
glyS.aln,0.01625636638042881
purM.aln,0.029974645225670872
group_1341.aln,0.017033277329373802
recD2.aln,0.010874623328389291
yebC.aln,0.007226524444394285
yheS.aln,0.025217777308297558
thrS.aln,0.014523484702914249
mutM.aln,0.023142309279248152
leuS.aln,0.02345747243086333
group_840.aln,0.013805398444741275
spsB.aln,0.009257357225255005
adhE.aln,0.008586197655082277
group_782.aln,0.007652864285944286
polA.aln,0.020182416588462402
group_200.aln,0.02657635191757313
ctsR.aln,0.0029100713131146078
group_173.aln,0.03506955952057562
group_257.aln,0.026726495422888377
group_58.aln,0.054644395339737396
recN.aln,0.013310466260586573
guaC.aln,0.03550968683965218
smc_4.aln,0.01925385534711083
ogt~~~ogt_1~~~ogt_2.aln,0.19124194295554722
purC.aln,0.010028866309942552
ptsI_1.aln,0.01854126469532868
tpiA_1.aln,0.0062598612692699035
rnj2.aln,0.014726903759143938
secA.aln,0.006843398377530994
group_26.aln,0.015167069713890157
group_1027.aln,0.019606577348735887
group_786.aln,0.008429762827867202
group_1399.aln,0.011878106873536165
group_841.aln,0.01312838951045122
lysS.aln,0.0038218444726698065
ffh.aln,0.022378612498168565
argF.aln,0.024810693844006172
smpB.aln,0.011386687209282372
ykoT~~~ykoT_1.aln,0.17334617427008298
dnaX.aln,0.044847250863849664
fabH.aln,0.00978452314238787
msrB.aln,0.021493234758142726
dkgA_2~~~ytbE~~~dkgB.aln,0.33665756909835465
group_483.aln,0.15828256365393698
group_831.aln,0.011789259389954575
group_1050.aln,0.039080487288601806
xseB.aln,0.011122514857984388
group_1428.aln,0.026567509697079703
group_649.aln,0.01987587070356296
relA.aln,0.021585838846335637
sbcD.aln,0.013612698526380656
group_981.aln,0.006805070679791502
rpsN2.aln,0.007940669490323949
yhdN~~~iolS_1~~~iolS_2~~~iolS_3.aln,0.3131645810772505
group_1091.aln,0.010237183769429808
adk.aln,0.006450442112132212
group_806.aln,0.00803842231918227
ribZ_1~~~ribZ_3~~~mdtP~~~ribZ_2~~~mdtP_1.aln,0.13974759125008449
malP.aln,0.02321658970207031
lacM.aln,0.010574770087518226
rimI_2.aln,0.01131326226999505
rqcH.aln,0.01632541741911317
group_1398.aln,0.010070906825407714
topA.aln,0.011299479407345643
sufS.aln,0.07069742355850456
comC.aln,0.013759757527273219
ecfT.aln,0.01052714215620135
cnbA~~~nbzA.aln,0.027892884652975385
tdk.aln,0.006849139435478413
ftsA.aln,0.009823409023663176
atpD.aln,0.012190122042871778
msrA_1~~~msrA_2.aln,0.054957134009482475
rpmG3_1.aln,0.0023094027566556946
nadD.aln,0.017451524188812295
atpC.aln,0.012262233200049752
group_861.aln,0.010638680271430672
group_891.aln,0.004159802874938155
fnr.aln,0.019050826295003296
pyrC.aln,0.024474884615265997
thiD.aln,0.04528345000073722
nagR.aln,0.003698276944499015
arlR.aln,0.012359172874993305
proS.aln,0.01353816660766269
group_975.aln,0.007719972410490424
group_1130.aln,0.0060166846427245485
rpmJ.aln,0.014632882587873272
groEL.aln,0.0684652933339742
group_103.aln,0.09754315121149355
atpF.aln,0.010058304296026313
dnaG.aln,0.016318416779014272
qmcA.aln,0.0259310525308452
hslO.aln,0.007277280455127929
group_504.aln,0.03958910509045018
dps.aln,0.02277596323462752
cpoA.aln,0.01947008774726049
folB.aln,0.005627380890285126
lysA.aln,0.017268148217940083
tpx_2~~~tpx_1~~~tpx.aln,0.061506272241155284
yfdH~~~csbB.aln,0.13251136148846454
comGC.aln,0.010500232011410808
tag.aln,0.02469101750412714
group_959.aln,0.23303946180869203
group_1353.aln,0.021678721446250573
group_330.aln,0.01711389151514893
thrP_1.aln,0.006498852038658516
pyrDB.aln,0.035921963246309106
galR~~~degA_3~~~degA_2.aln,0.040538588065071074
dapA.aln,0.02748720445963368
dedA_1.aln,0.01530188497705648
sufT~~~sufT_2.aln,0.03887161261506097
group_162.aln,0.01961358135464631
prp.aln,0.004891707992311591
group_23.aln,0.012545083529157341
group_54.aln,0.01142783528641768
menG.aln,0.014763782857818335
lrpC.aln,0.03430991932856828
yaaA.aln,0.05024164927115398
group_102.aln,0.0530232783618277
glnP.aln,0.030826456516388673
yvgN_1.aln,0.019104293257918424
birA_2~~~birA_1~~~birA.aln,0.05462795077372214
group_81.aln,0.010182067907139202
yqeH.aln,0.02693675605675222
arsR.aln,0.017363962286962804
tcyB_1.aln,0.007152968774557569
ykwC.aln,0.04873320601409193
upp.aln,0.007514624015543597
artM_2~~~artM.aln,0.021505249948662306
group_1061.aln,0.009444865127822992
group_191.aln,0.014040014413294952
fni.aln,0.01925937908503221
dnaC.aln,0.008865249653021398
group_364.aln,0.07782006106597363
ppaC.aln,0.01782427707510666
group_208.aln,0.0591114467101275
rpmG3_2.aln,0.007071820367743534
group_305.aln,0.24574279315689312
group_808.aln,0.009804832974553292
agaA.aln,0.01974236498696709
yfiC.aln,0.024870552114014018
tcyJ_3.aln,0.012951372624310334
thrP_2.aln,0.012670724816262626
group_685.aln,0.015070273553520768
pepDA_2~~~pepDA_1.aln,0.017239078859026053
pyrB.aln,0.029640040861005156
cvfB.aln,0.017128082756201146
dtpT_2~~~dtpT_3~~~dtpT_1.aln,0.05033838116537832
group_171.aln,0.030545777257891156
amt~~~nrgA.aln,0.07936229243968577
uvrB.aln,0.016286736195547637
rpmE2.aln,0.006551263833970173
znuB.aln,0.009310998343323143
ribH.aln,0.044016426327229984
rnhA.aln,0.026714314393267234
spo0J.aln,0.02658640822554003
group_269.aln,0.024244292688263433
yciB.aln,0.011037495759785035
lacX_2.aln,0.012997355206547477
group_270.aln,0.3500709411596518
thrC.aln,0.012928721549101945
rlmCD_2~~~rlmCD_1.aln,0.03312711696645073
ptsH.aln,0.004671462265113838
prfC.aln,0.08728681753010016
group_394.aln,0.0762500901865861
comEA.aln,0.015674142761070452
group_1323.aln,0.029035736390376946
ydfK_3~~~ydfK_2~~~ydfK_1.aln,0.32703433149934197
trxB.aln,0.007724673677792194
yjbM.aln,0.019448311598457807
ltaS1_2.aln,0.022919402191834772
pxpB.aln,0.1721710148572937
group_1389.aln,0.012431379837889497
group_674.aln,0.03337143698654007
folC.aln,0.03420954328591452
group_1184.aln,0.021375118995399695
xerD_1~~~xerD_2.aln,0.016392346396592736
group_487.aln,0.048581494620778466
ldh.aln,0.02477577166714254
rnr.aln,0.016876992522408898
nrdF2~~~nrdF_1~~~nrdF_2.aln,0.055151893748156856
hdfR_1~~~cynR_1~~~cynR~~~hcaR~~~gbpR~~~hdfR_2.aln,0.30216546044935044
yvcJ.aln,0.02192635516456401
tenA.aln,0.08973688441212224
glyQ.aln,0.014653719859777014
scrB.aln,0.032593728285632076
ldhD.aln,0.02599263754026521
rbgA.aln,0.01329206841246676
group_1426.aln,0.035996638555935996
group_262.aln,0.050625042909008613
ribU.aln,0.02882818271227506
nrdR.aln,0.01382899700583986
group_1395.aln,0.01088595746198191
ypsC.aln,0.02252463430587355
mnmA.aln,0.013365318102374046
group_296.aln,0.022771960172239952
group_28.aln,0.021446741453643132
yclM.aln,0.019045770606649578
group_210.aln,0.037925530279600966
nrdH.aln,0.01693041156527146
cydB.aln,0.009170196082997253
group_289.aln,0.24498000259894187
comEC.aln,0.014782974327375567
glnH.aln,0.026032456213304953
hdhA.aln,0.3254287986001585
purL.aln,0.01542656430729758
yacL.aln,0.007995111461808212
rpsU.aln,0.005344002951380697
recR.aln,0.006939713020682056
group_1154.aln,0.002422372090679057
yrrK.aln,0.00517120197220624
group_1013.aln,0.013032143039478349
pta.aln,0.009001670308028979
tadA_2.aln,0.007173384531242891
yodB.aln,0.00947090466846331
group_1350.aln,0.014112419840846607
coaA.aln,0.02748049505346718
group_282.aln,0.017326846333313127
murJ.aln,0.021485547332069713
group_1301.aln,0.022677959641960364
metQ_1.aln,0.015010995442264499
dltC.aln,0.012064234770715615
group_32.aln,0.055268533722335034
group_1402.aln,0.019699639567241484
dinB~~~dinB_1.aln,0.029705016615968926
yhgF.aln,0.019341497253636215
trxA_3.aln,0.03232599973133888
penA.aln,0.0331764689411715
group_1377.aln,0.01827155358703986
rpmH.aln,0.0
hsrA~~~mdtP_1.aln,0.12264599818489744
group_192.aln,0.030310582626016342
glcK.aln,0.013982942295711486
murE_1.aln,0.012031901825800098
hdfR_2.aln,0.015837071449790376
pheT_1.aln,0.008008569078232535
cydC.aln,0.009189070759318319
artP_2.aln,0.019981120704632364
tmcAL.aln,0.02241369105276253
group_363.aln,0.2838783636217856
urdA~~~urdA_2~~~urdA_1.aln,0.0937793268243479
helD_2.aln,0.025633160090547974
yjeM_2~~~yjeM_1.aln,0.02212286987445424
gatC_1.aln,0.015007958645752429
proB.aln,0.06222274215486839
yigZ.aln,0.011007205697987476
rihA_1.aln,0.005205872143585997
pncB2~~~pncB_2.aln,0.012236903713664591
infC.aln,0.006871379293230769
group_718.aln,0.04045808884966679
nnr.aln,0.0055981182755593046
fimA.aln,0.01345616072104646
group_852.aln,0.009402600799245101
dnaE.aln,0.030274448293617653
hup.aln,0.003024523351112896
group_867.aln,0.010330552191935133
group_1351.aln,0.013207843127947549
rdgB.aln,0.016414095439010484
grpE.aln,0.013424047423071806
rluD_2.aln,0.020838495158340117
ybjI_1.aln,0.14530604548447404
rlmP.aln,0.01859654590646077
tcyB_1~~~artQ_2~~~tcyB_2.aln,0.029903688135754614
ppx_2~~~ppx_1.aln,0.018170999949800936
lspA.aln,0.02917972094452217
ndk.aln,0.03301598099549125
proX~~~proX_1~~~proX_2.aln,0.045174979837877105
group_1006.aln,0.007405268593592443
dacA_2.aln,0.027061905465914807
sorA.aln,0.007021807063385126
dxs~~~dxs_3.aln,0.04209356314265117
group_1308.aln,0.01477186110617604
smc_2~~~smc_1~~~smc_3~~~smc_6.aln,0.03890551760598358
group_393.aln,0.03408966115010221
ydiM_1~~~ydiM_2~~~ydiM.aln,0.10871478154410062
group_254.aln,0.014083834202893745
group_1357.aln,0.00876380696411314
clsA.aln,0.0238027475611558
group_138.aln,0.022272983617369308
trtA.aln,0.02318579013612802
era.aln,0.01057594827436335
group_395.aln,0.22002126310779654
group_172.aln,0.22087823037095355
mnmE.aln,0.014223085469161647
metP.aln,0.01879877666108348
group_149.aln,0.06271329409484179
hom.aln,0.017889651054442002
ccpA_1.aln,0.0334996291341633
yvgN_2.aln,0.016871168684347956
cspLA.aln,0.016197963449321638
uvrC.aln,0.0137498122186411
group_1164.aln,0.005694766393538623
group_1100.aln,0.008062402729660842
rpsE.aln,0.00706930938309273
metAA1~~~metAA~~~metAS.aln,0.2532336632076092
tetO~~~tetM~~~fusA_2.aln,0.1540528601385313
group_290.aln,0.011250872855457535
group_1303.aln,0.020899191195448617
group_123.aln,0.015733421617938795
hit.aln,0.01829266054590308
ywrO~~~ywrO_1~~~ywrO_2.aln,0.14144433854625776
rsfS.aln,0.016575466754450482
strA.aln,0.00770649679014351
def_2.aln,0.011107161054818744
recU.aln,0.016536949147120616
walK.aln,0.014703159054502994
group_122.aln,0.01876589782067012
group_1039.aln,0.027799425745231515
group_46.aln,0.02056343762000353
opuCA.aln,0.02674561027350135
group_994.aln,0.007298890749961794
rpsG.aln,0.006288257297631998
ghrB_2.aln,0.015434846878195223
ecfA2.aln,0.010827520642055154
group_3.aln,0.02296419751117639
pgk.aln,0.005357766958038346
gshAB_1~~~gshAB_2~~~gshAB_4~~~gshAB_5.aln,0.29995905342116513
group_217.aln,0.01918126676332515
prmC.aln,0.014411828284679589
tuf.aln,0.006100838195405501
dltD.aln,0.026886051936631947
group_18.aln,0.017396501036685542
yitU.aln,0.03224857918170007
rpmF3.aln,0.002545543552916975
rimI_1~~~rimI_3.aln,0.07740705573029515
yhfK.aln,0.01569601358146126
mco.aln,0.04274411125072125
arcA.aln,0.009053475183365798
group_1364.aln,0.016992056362897457
pgl_1~~~pgl_2.aln,0.1639536090348016
group_441.aln,0.10183077992556806
murF.aln,0.010756497694221889
uvrA.aln,0.017038827239867764
xerS.aln,0.012034110314449663
rplO.aln,0.004571047318326051
group_817.aln,0.015623862866007752
yidA_2.aln,0.01795015142587362
kimA_1~~~kimA_2~~~kimA.aln,0.05126649537484216
cysM.aln,0.062055025462876556
pnbA.aln,0.04256399407174645
hisC.aln,0.1350321346802447
trpS2.aln,0.022805790028701374
divIB.aln,0.012527976863941614
hflX.aln,0.04096953940243386
group_1380.aln,0.023632736596966193
tig.aln,0.012590431917024587
group_1419.aln,0.07238741437304323
hmuU~~~molB.aln,0.0664685861972638
group_212.aln,0.02550794543397405
der.aln,0.012601967019402685
egtUBC.aln,0.015082194166023199
group_147.aln,0.022953637005026895
group_696.aln,0.030999601400759802
rplA.aln,0.005385566415251715
darA.aln,0.008671975834869845
group_157.aln,0.12976650851395913
cycA_2.aln,0.011618767736222368
gltT.aln,0.012461680278021504
rpsO.aln,0.01320714007810157
eno1.aln,0.0046831323043022965
lexA.aln,0.018178681634097114
group_1401.aln,0.0201359601120842
rihA_2~~~rihA_1~~~rihA_3.aln,0.18605399806962383
gltX.aln,0.009625736777483119
group_907.aln,0.02159791938235893
lacA_3~~~lacA_1~~~lacA_2.aln,0.03766940155791091
group_235.aln,0.017111533760450024
guaA.aln,0.022880041595078036
cbh~~~yxeI.aln,0.0426578561541755
group_661.aln,0.014529160397191902
walR_1.aln,0.005165490609496503
nrdF_1.aln,0.014250739629549878
moaE1.aln,0.03050113647519798
walJ.aln,0.010143613265525042
aspC.aln,0.02128408208283743
lplA.aln,0.015103297936261285
yycB.aln,0.018737391225898643
group_211.aln,0.0429293865464443
sad.aln,0.04009707220320516
cysS.aln,0.00846847643324276
alr.aln,0.010102292002668118
group_219.aln,0.027689084695708816
group_697.aln,0.015229871997537859
guaB_1.aln,0.0260045093916812
yicL_2.aln,0.03664942829321301
group_935.aln,0.006259100756544763
group_1352.aln,0.014867183755787954
norA.aln,0.014389387586881268
group_1107.aln,0.0015396018377704633
group_1385.aln,0.016331768749819373
ribE.aln,0.03633241788420399
group_1302.aln,0.012279176237287663
group_1372.aln,0.05681343487256643
group_368.aln,0.2417135614543997
lacL.aln,0.012816572026118578
iolU_1.aln,0.021803542604939254
rplT.aln,0.004361154788774455
nanT~~~niaP.aln,0.09265288552329456
group_701.aln,0.007384451580735367
pstB3_2.aln,0.012879453502553961
group_252.aln,0.03176842091190946
prkC.aln,0.015121312003377732
recX.aln,0.03907479012330225
group_416.aln,0.04463218075795676
mraY.aln,0.009625752258926727
rpsS.aln,0.0028261405048392156
recF.aln,0.018391328856353913
group_362.aln,0.021986708960096014
napA.aln,0.009623073134781952
group_760.aln,0.007687346523242012
rcsC.aln,0.019346052197000935
group_423.aln,0.011072302464636277
group_146.aln,0.0330915176433832
gpsB.aln,0.015224485447049298
group_326.aln,0.10434856189890744
group_155.aln,0.04363666336262229
accA.aln,0.014777801481194047
rplC.aln,0.009949900298445358
aldC.aln,0.017068098328886876
deaD.aln,0.02047872367297581
cca.aln,0.011049482285532887
ntpJ_2~~~ntpJ.aln,0.10834138920222437
apt.aln,0.022353549151024145
rpsC.aln,0.004310877393291517
cmk.aln,0.012776094277622552
fabZ_1.aln,0.007886650684292599
fabD.aln,0.010549003007835416
citG_3~~~citG_1~~~citG~~~citG_2~~~citX.aln,0.24592059374472863
glmM.aln,0.008195150954778
rpsK.aln,0.004398778243548953
group_259.aln,0.03185787546410836
pnp.aln,0.008992991384211514
dapE_3~~~dapE_2.aln,0.031141955365057882
nusG.aln,0.004044831308898235
cydD.aln,0.013755121404310865
group_927.aln,0.005321665187748705
artQ_1.aln,0.010913792600632759
rpoE.aln,0.021184392951322777
group_1369.aln,0.0284783413076089
group_644.aln,0.014391064467618085
ydjP~~~ydjP_2.aln,0.18651911521629552
ldhA_3.aln,0.009009765790260605
group_809.aln,0.02477134176545357
yhjX.aln,0.015792501852556717
fabG_3.aln,0.006121980067397983
group_865.aln,0.011641362177981427
sbnD.aln,0.016356757398823443
tsaD.aln,0.012898586607780146
plsY.aln,0.017917199590282335
group_688.aln,0.012238620991534258
group_845.aln,0.012267078983562073
group_272.aln,0.024377437362118445
cysE~~~metA_1.aln,0.08876117828366846
group_832.aln,0.019073002234045
group_319.aln,0.10926776725090223
rimP.aln,0.022323492174448133
tmk.aln,0.030480495702103913
atpA.aln,0.017365341017583087
rex_2~~~rex_1~~~rex.aln,0.050773229110961764
group_87.aln,0.19267234364296115
group_1345.aln,0.01754187576287049
radA.aln,0.009406224477115048
galK_2.aln,0.025344243230007977
group_225.aln,0.012463541333307057
copZ.aln,0.010746551858888155
asnS.aln,0.011180095577817331
rplB.aln,0.006680580649148851
ftsH.aln,0.007033836172269779
group_511.aln,0.014728368041088744
group_1076.aln,0.00719727459521207
ykoC.aln,0.01549192399214785
group_430.aln,0.1432826618841891
sufU~~~iscU.aln,0.03871697140494291
rplV.aln,0.00358486445756024
alsS.aln,0.032457844986911275
comFC.aln,0.017416744237989914
recS.aln,0.01858444823189322
garK.aln,0.028186015906224427
dacA_3.aln,0.010049817097812764
ackA.aln,0.018152403319870877
group_433.aln,0.00824101652471427
group_679.aln,0.015564002349232204
yidA_1.aln,0.012391963862083832
pucK_1.aln,0.01624852959988328
group_182.aln,0.028034550202120163
rspB.aln,0.01106191992606692
group_1033.aln,0.002940924136301497
group_486.aln,0.08466304861413373
fabI.aln,0.008903374621405979
hcaB.aln,0.01821489700613297
group_120.aln,0.01593124099624367
rpsJ.aln,0.0012193209102150057
rpsL.aln,0.006541480066571871
group_1338.aln,0.018593113780476296
menA.aln,0.021366089554366197
trmK.aln,0.019143372970650392
rpsF.aln,0.007767395146552192
rnj1.aln,0.024562199655044407
rplP.aln,0.008206134566288612
group_471.aln,0.06653069922965793
group_1171.aln,0.008072980758770932
yhhT.aln,0.14157617463701333
pyrH.aln,0.011689760534937485
accD.aln,0.014252411939678047
aroC_3~~~aroC_2~~~aroC_1~~~aroC.aln,0.3440783471084505
rfbP.aln,0.015541834683400526
group_1305.aln,0.01276842261239377
group_371.aln,0.01502179053114045
murA.aln,0.04594980895791269
narK2~~~narT_1~~~narT~~~narT_2.aln,0.11454996123138603
group_530.aln,0.01331572762171177
rsmG.aln,0.03254049731448573
tlyA.aln,0.012597751643488649
pyrR.aln,0.01670486733294799
tmung.aln,0.021182617858995327
ubiE_1~~~ubiE_2~~~ubiE.aln,0.10312349621395733
rsmA.aln,0.022292046964126257
group_848.aln,0.02227977461473093
syfD.aln,0.028013138478477147
group_825.aln,0.012564456008342976
group_1139.aln,0.00742970051886854
group_846.aln,0.01818730389958781
dapB.aln,0.022508013055417383
group_1390.aln,0.023063387206395624
mleS.aln,0.044846586174447804
group_299.aln,0.014828787388447673
accB_1~~~accB.aln,0.015918220619712552
cobB.aln,0.020454348826776655
group_177.aln,0.02918041611427671
group_1342.aln,0.03096255978948998
group_265.aln,0.026136185085764874
padC_2~~~padC~~~padC_1.aln,0.2352573295604637
group_89.aln,0.05529822909534117
ribZ_1.aln,0.02330810497013054
clpE.aln,0.02064245896970947
adhA_1.aln,0.009399903947907148
rpsI.aln,0.004224252501547511
frr.aln,0.009263457262429813
group_459.aln,0.05046697918318859
polC_2.aln,0.021227634712937624
gtfA_1~~~gtfA_2.aln,0.01872774337840991
codA_2~~~codA_1~~~codA.aln,0.05208546709705566
fumC.aln,0.012493917352709858
group_1336.aln,0.012820913804393827
yutF.aln,0.01035280818199084
sasA_2.aln,0.048516029698556985
group_1036.aln,0.007609684186591135
dltB.aln,0.011207393739408192
group_887.aln,0.011878363892425735
group_1112.aln,0.0082850468263015
tagU_2~~~tagU_1.aln,0.02041119335376828
fsr.aln,0.3439529942663154
atpE.aln,0.0008131699847379207
ytrA.aln,0.01877672936194294
group_50.aln,0.05562120548396105
aroK.aln,0.02017691167449024
dedA_1~~~dedA_2.aln,0.02844956779549487
group_689.aln,0.01170653569327349
rsmF.aln,0.017370799774775025
group_974.aln,0.017980258166093825
aimA.aln,0.035195722186761785
hprK.aln,0.010951844787147228
ribZ_2.aln,0.020553817305165277
lacS.aln,0.03168369099488953
iscS_1.aln,0.021070859000453513
cshA.aln,0.01239975990317121
prs_2.aln,0.012080849792823645
rnpA.aln,0.0052088977599735456
bipA_1.aln,0.02308609103390236
ftsY.aln,0.03559733538405773
group_438.aln,0.03365533680213421
ileS.aln,0.02016564937421573
pth.aln,0.00829865263173827
rplK.aln,0.0
metG.aln,0.0161070578002148
nadE.aln,0.012851727197830428
xpt.aln,0.01026339226668386
group_248.aln,0.016782669821733293
asnB_2.aln,0.03442753672199165
rpoA.aln,0.005525947313663436
phoU.aln,0.01857228072774565
sasA_1.aln,0.011540241712573599
group_1344.aln,0.018225805715239376
sauU.aln,0.025159276705355192
group_508.aln,0.06050044601376954
pbuG.aln,0.013089113549675183
sdhA.aln,0.025719981504198047
thiM.aln,0.031124981145838636
group_1316.aln,0.007745275260788985
group_1356.aln,0.12414878463339489
folD.aln,0.006310946488415918
group_903.aln,0.00766310843704787
gppA.aln,0.011251483680416867
oatA.aln,0.01437465557132043
khpB.aln,0.026943680105108725
gpmA_3~~~gpmA_2.aln,0.04535159943623869
prfA.aln,0.007374724035275529
group_1365.aln,0.02032543820943901
group_180.aln,0.026550482940905135
ruvA.aln,0.009780211230720473
ispE.aln,0.03844560365245368
adh_2.aln,0.03388968295346011
group_683.aln,0.008597277553276989
group_970.aln,0.007951780416351613
rplJ.aln,0.006089953627170205
ubiB.aln,0.048762357722392374
truA.aln,0.022806212609984312
bdhA.aln,0.019995281577118447
murB.aln,0.0044501331959056175
gpmA_5.aln,0.008639381249436312
purK_2.aln,0.013593352474768698
group_1335.aln,0.012240272384392148
degA_1~~~degA_2.aln,0.12075938733183186
moaA1.aln,0.036559938658022074
yicL_1.aln,0.03514348825327411
dsdX.aln,0.02788329991549042
ypjQ.aln,0.03378868698963885
suhB.aln,0.011110507741438815
lplJ_1.aln,0.011238147389040179
psiE.aln,0.035156401129316055
arnT.aln,0.3319190855443399
degV.aln,0.011602754613557479
lplJ_2.aln,0.024994836619261253
group_273.aln,0.07483702521820722
yumC.aln,0.009047200786721643
trxA_1.aln,0.013630339859613927
group_992.aln,0.011772111011549236
serS.aln,0.022633824378432317
rlmCD_2.aln,0.04870111481004601
ubiE_1.aln,0.027656988485026037
gmuC.aln,0.02228658954900684
group_312.aln,0.014301229096763835
murI.aln,0.015172721126225787
prs_2~~~prs_1.aln,0.010550810847996531
hexsb.aln,0.020316227252250442
group_807.aln,0.0073818723166016635
sbcC.aln,0.02491780545729064
murG.aln,0.01335246522551647
group_71.aln,0.02192660424079934
acpP_1.aln,0.009218330298551035
bcaP_3.aln,0.021201090410395168
group_914.aln,0.011544095541561888
ybiV.aln,0.03903511799353554
serC.aln,0.04797709269796082
degA_3.aln,0.019850231846038395
group_97.aln,0.013957205325535894
zosA~~~cadA_2~~~cadA_1~~~cadA.aln,0.10178829379294277
ribZ_3~~~mdtD_3~~~mdtP.aln,0.3199733254696988
artM_2~~~glnQ_2.aln,0.07071171594212103
group_1037.aln,0.014995287238143043
group_1417.aln,0.03824505264947256
group_527.aln,0.015359396531733174
group_1386.aln,0.010495809975007188
acpP_2.aln,0.003740172274840145
trmD.aln,0.015165367143332161
rplX.aln,0.0061585985805949605
pepC.aln,0.008895418469756423
thlA.aln,0.02714653486482205
gyrB.aln,0.0203379495213009
group_749.aln,0.013554017452651668
group_201.aln,0.02056229280612571
qorB_1~~~qorB_2.aln,0.19883862670354283
pepQ.aln,0.015811887787311584
luxS.aln,0.010759858347073074
group_723.aln,0.01118558695951184
group_533.aln,0.014447435392363836
priA.aln,0.014786177997616915
prfB.aln,0.006587769037669461
parC.aln,0.01483666641156624
group_562.aln,0.21069930282740895
pncB~~~pncB_2~~~pncB_1.aln,0.028416377004699924
tcyN.aln,0.011445332747759038
atpH.aln,0.007983652269385149
group_244.aln,0.1357657121162136
group_310.aln,0.011811930914437621
group_1307.aln,0.015141680361274943
ywqD.aln,0.13967636691335816
spoIIIE.aln,0.012352099464440295
metB_1.aln,0.04385991776202812
ilvE_2.aln,0.009327268709626524
group_1383.aln,0.01258045414741415
ykoE~~~ykoE_2.aln,0.007728804986271748
group_1431.aln,0.041274838480254025
group_673.aln,0.020990674400457068
ribCF.aln,0.02797075884142314
gpmA_1.aln,0.015387066292326073
group_136.aln,0.03149950700308093
glmS.aln,0.009338633271125319
group_682.aln,0.012011115182441377
rbfA.aln,0.014567519497836634
aspS.aln,0.01333332126787833
murA1.aln,0.010102844138086773
purS.aln,0.014776156855175927
mvaS.aln,0.024316014584391362
pepO.aln,0.020997047365615664
cls~~~clsA_2.aln,0.045994112554745156
pbpX.aln,0.029356787573058166
group_287.aln,0.03327974136635124
group_1368.aln,0.014502962733276682
dut.aln,0.02978444831706593
gatA.aln,0.023345127112118568
feoB_1~~~feoB_2~~~feoB.aln,0.2192430974723721
secG.aln,0.0021650650843647134
rpsZ.aln,0.003023307229133378
thiE.aln,0.04395322522984821
holA.aln,0.010308447523059427
pepX.aln,0.01960030394712385
mtnE.aln,0.012339251033881242
lepA.aln,0.022704759996787706
kduD~~~acr1.aln,0.06684414945342429
phoP.aln,0.024451879980626767
mutL.aln,0.01472431466656873
group_988.aln,0.009118093347377006
gatD.aln,0.006035145779187388
group_791.aln,0.019057709433077955
rplL.aln,0.0015364348213628642
dhmA~~~dhaA.aln,0.3425618890576649
group_241.aln,0.05279500672272655
group_462.aln,0.21563685423958295
yidC2.aln,0.008513115698409924
engB.aln,0.012670521907623402
recG.aln,0.02425091786638901
crdA~~~crdA_1~~~crdA_2.aln,0.0756799472394413
qacA~~~hsrA_1~~~mdtD~~~mdtD_2.aln,0.2512675178304146
rpmI.aln,0.008622836437326932
uup_2.aln,0.025392719318519073
ypiA.aln,0.014918505270644117
rqcP.aln,0.01225348900400177
sigH.aln,0.00791707511778287
ytpP.aln,0.026619480266113407
ypdF.aln,0.013500651612392297
sotB~~~ydhP_1~~~sotB_1.aln,0.06642490736192487
group_787.aln,0.012016913648223847
ung.aln,0.01145982851162615
ybeY.aln,0.020782708509997774
group_183.aln,0.0771630202648843
cspR.aln,0.01263737989319091
xseA.aln,0.011365063857971468
group_447.aln,0.17109342604989902
group_143.aln,0.045248646507942414
pbpB.aln,0.01842167117750054
tsaB.aln,0.012013567084954364
ychF.aln,0.020625764043786108
manX_1~~~manX.aln,0.01803576024384223
pepN.aln,0.019429970508158152
group_645.aln,0.017263735606683716
plsC.aln,0.02711341362112688
group_484.aln,0.028424197653232886
ribD.aln,0.034093204149290346
gpmA_4.aln,0.011681358969995987
metN.aln,0.012248809651698412
group_870.aln,0.06253908540975177
oxyR_1.aln,0.019627632395001406
group_90.aln,0.24529218810391912
purH.aln,0.031966289556455786
rplR.aln,0.001540547249315445
rpoZ.aln,0.006465761742328055
group_294.aln,0.03493130650025944
artP_1.aln,0.016274216703182687
group_1384.aln,0.02056741016035753
guaD_1~~~guaD~~~guaD_2.aln,0.06915404864537036
group_238.aln,0.01829532163703217
xylB_2.aln,0.013713941845295638
pepD.aln,0.01914543245685274
purQ.aln,0.017715689416356838
group_466.aln,0.021601544089709324
purD~~~purD_2~~~purD_1.aln,0.07059323046991174
pyrAA_1.aln,0.02391736504371149
rnmV.aln,0.017950507327405017
group_1370.aln,0.017884364716749073
group_485.aln,0.05848291557750935
steT.aln,0.013097711659563286
group_176.aln,0.017789357643146694
group_1311.aln,0.016306673486988093
lemA.aln,0.01238634998863808
yerH.aln,0.01906938041652356
garB~~~garB_1.aln,0.04766726542674667
adh_2~~~adh_3~~~adh_1.aln,0.07524101628897638
argS.aln,0.01587981555956964
secE.aln,0.0073326299208293436
hisS.aln,0.014146020057530814
pdhA.aln,0.011665828353119276
mprA.aln,0.039347521623943574
glpT~~~pgtP~~~glpT_2.aln,0.18989242618141286
rpiA_1.aln,0.023812921276182588
pgcA.aln,0.009175441223297979
group_812.aln,0.011522318511603291
group_375.aln,0.18847517346879514
group_630.aln,0.015248718976498888
polC_1.aln,0.007662486938231972
rsmE.aln,0.026110325199510426
coaE.aln,0.018880407201264594
gyrA.aln,0.008224262848297423
group_451.aln,0.12866455631005028
rplN.aln,0.0017161148958116936
cshB.aln,0.018875384714442868
recJ.aln,0.018209291354282918
gshAB_1~~~gshAB_2.aln,0.040631531809564345
yycI.aln,0.01314906493943125
nfrA1.aln,0.015456441958339772
group_911.aln,0.010663508188195338
dnaI.aln,0.015854197205794875
araA.aln,0.09317723426298843
lacA_2.aln,0.1743175769643321
pepT.aln,0.02439752796801539
act.aln,0.03697570080128619
ptsI_2.aln,0.022765451493941907
trmB.aln,0.02417243028695985
dapH_1.aln,0.019144486392760958
ylbL.aln,0.011377554216014732
yajL.aln,0.020657339683007907
group_837.aln,0.006465372116374617
group_1403.aln,0.013995084837792918
map.aln,0.015011346612835177
opuCB_1~~~opuCB_2.aln,0.0375872147619027
spx_1.aln,0.007816959439208543
recO.aln,0.02122290345696506
group_1300.aln,0.014996297014599072
ruvB.aln,0.01305089193975879
lytG_1~~~lytG_2.aln,0.02132265626686105
group_1413.aln,0.006731448578645649
xpkA.aln,0.011706960355866498
group_802.aln,0.02875302541203373
group_285.aln,0.036402338730903705
group_240.aln,0.10321984328830433
mmgB.aln,0.019119153590850348
group_655.aln,0.012117216883479364
dtd3.aln,0.008327845310782567
rbsK_1.aln,0.03193561223335316
hisH_2~~~hisH~~~hisH_1.aln,0.15079338869237324
group_687.aln,0.023475748887762982
ganR.aln,0.032317353216519504
proA.aln,0.028028135186863208
group_995.aln,0.02569516324917488
smc_2~~~smc_3~~~smc_4~~~smc_1.aln,0.0699570315318391
purE.aln,0.02074511386559166
yckB.aln,0.021184600443654493
gpmA_2.aln,0.021441404910810404
group_1376.aln,0.02204517721044428
kdgR_3~~~kdgR_2~~~ptxS.aln,0.09145971266438825
pgl_2~~~pgl_1.aln,0.013597563773474184
obg.aln,0.01025668601457066
group_24.aln,0.013250884353761157
ybaK.aln,0.021470028907881623
group_198.aln,0.021871111005537854
iscS_1~~~iscS_2.aln,0.04253412859695092
rpmC.aln,0.008220142997177158
msrC~~~ywnH.aln,0.4151613383259083
group_735.aln,0.021345609644820202
lysP_2.aln,0.008087950323228295
group_374.aln,0.024481313503713412
menH.aln,0.13931729609052323
rps1.aln,0.009031298132039718
cmpR_1~~~cynR_2~~~argP.aln,0.06914491723299439
group_137.aln,0.11069695465208203
ahpC.aln,0.006029594177704691
group_184.aln,0.03315147409095135
clpP.aln,0.001149227184418825
rfbB_1~~~rfbB_2~~~rfbB.aln,0.07830283231559342
group_178.aln,0.05002538579968069
group_421.aln,0.25961191944825573
manZ.aln,0.050300076631190176
yfbR.aln,0.009174873780823632
group_789.aln,0.00981501436306824
msrA_1.aln,0.04553969610078512
group_298.aln,0.021101054057420434
group_264.aln,0.03859008784299162
group_860.aln,0.014479532708577889
atpB.aln,0.0058844931713256
nfdA.aln,0.012248115794452258
group_159.aln,0.010814231112823973
group_650.aln,0.016440106209004778
gmuE.aln,0.040243266427348184
iolS_2~~~iolS_1.aln,0.08780930050234018
group_317.aln,0.04299576712361959
addB.aln,0.015714761842307513
group_351.aln,0.04155712880817789
apbE.aln,0.021104177637717318
group_92.aln,0.013245110199230813
group_75.aln,0.026357849552732304
uppS.aln,0.02149572685901555
group_804.aln,0.031238212602465735
tkt_1~~~tkt_2.aln,0.030236876023492603
dtd.aln,0.04140382645247456
deoK~~~deoK_1.aln,0.01129974751498125
group_139.aln,0.026049121507575133
yvdM~~~yvdM_1.aln,0.014273366704752282
group_955.aln,0.006357441489192205
yidC.aln,0.013514591686533019
group_372.aln,0.04636610808923416
xerD_2.aln,0.0249679168284853
rimI_1.aln,0.013004656088271197
group_813.aln,0.020733292856658807
group_93.aln,0.030151431262297915
metQ_2.aln,0.03386376552297378
group_150.aln,0.01729349953115416
group_926.aln,0.00558644662172097
dagK.aln,0.03876955213988972
scpA.aln,0.017185184631588617
tpiA_2.aln,0.008276039944184264
lysP_1.aln,0.02107798079192135
glpK.aln,0.014793572377643924
nrdD.aln,0.016011194655775243
pepDA_2.aln,0.011537134206865734
def_1.aln,0.03151829475583916
glmU.aln,0.014495644747316678
gatB.aln,0.023185526086272817
yfeW.aln,0.011497447822439544
khpA.aln,0.006615072731472674
group_167.aln,0.03512394809455709
dnaN.aln,0.011359205611657321
group_256.aln,0.0156856995922282
oxyR_1~~~oxyR_2.aln,0.033231726077461325
copA.aln,0.034900572117606075
rnhB.aln,0.019881262471779453
group_263.aln,0.040790759802995624
group_781.aln,0.012084225039096768
group_764.aln,0.015912481017548972
group_321.aln,0.015108180213806669
pyrF.aln,0.02632782011205358
pynA~~~yfnB~~~pynA_2~~~pynA_1.aln,0.34675210933236494
group_699.aln,0.01859318355492968
perR.aln,0.016770602996841612
menE.aln,0.019253137340845848
appC.aln,0.03919344054936243
glyA.aln,0.009614036028860464
group_320.aln,0.03689903735473968
galE.aln,0.012652273956473628
dapF.aln,0.02332153560218733
group_1004.aln,0.014220067126949593
thiI.aln,0.01073595284896291
rsmD.aln,0.006741435841827014
lipC.aln,0.01329572491438504
whiA.aln,0.008478145328035838
ykoD_2~~~molC.aln,0.1027696893621795
pdhC.aln,0.012759338082187833
menC.aln,0.02685969739940318
fabF.aln,0.014295357563407196
prsA.aln,0.013444846712633988
group_1324.aln,0.0255598731497169
group_1106.aln,0.015078767174836652
ykoD.aln,0.017088877428793545
group_12.aln,0.02006354420474922
group_158.aln,0.062054883517174746
group_382.aln,0.016382392536659882
group_427.aln,0.07613966697039583
group_868.aln,0.0456279156490684
pdhI.aln,0.030777634140843536
group_971.aln,0.0217510859296412
ywnA_2~~~ywnA_3.aln,0.04395379511558262
scrA.aln,0.016889152406407714
pdxB_2~~~pdxB_1.aln,0.027386131960546865
group_275.aln,0.03293428615045529
argR_1.aln,0.009071608677289683
group_1362.aln,0.026122871591212207
ndx1.aln,0.03463545640183938
atpG.aln,0.017634113207237873
fluC1.aln,0.033728352433126184
group_1334.aln,0.032483532245170595
ipdC~~~guaB_2.aln,0.28709981385608485
rpmA.aln,0.006100431821686639
dapX_2~~~dapX_3.aln,0.01834752274311537
secY.aln,0.005119666593251224
group_1101.aln,0.00699801613525539
thiN.aln,0.01745929904683679
group_616.aln,0.02346806104698904
mreB.aln,0.007888996262994077
ftsZ.aln,0.01017807118605713
prmA.aln,0.028710117247885882
spxH.aln,0.039578641099559636
ltaS1_1.aln,0.010072146314820032
murD.aln,0.00966567248107732
rsmB.aln,0.013606233379491012
group_1309.aln,0.016919136269356646
group_648.aln,0.008959308948398846
group_204.aln,0.026597762597736607
accC_1.aln,0.012186243485566807
alaS.aln,0.018631858113737115
group_271.aln,0.06342164557419547
tsf.aln,0.024697236607753217
group_1400.aln,0.010334555142571214
group_145.aln,0.008719773468097795
pyk.aln,0.009321880606828127
coaBC.aln,0.02915672312238867
ccpA_1~~~ccpA_2.aln,0.03232344190793635
dgkA.aln,0.016057096142120447
fhs1.aln,0.020916433198901987
dapX_1~~~dapX_3~~~dapX_2.aln,0.033970155067217005
purN.aln,0.024219883534267263
valS.aln,0.015192949831035694
mscL.aln,0.018350505835812218
gnd.aln,0.01454383896170412
group_921.aln,0.0057948449119328135
aspB.aln,0.01435797563991925
tcyJ_1.aln,0.012691889487878453
group_805.aln,0.01312282978533329
noc.aln,0.019868591405523328
ecsA.aln,0.008625178900697862
tsaE.aln,0.004785022540489269
gmk_2.aln,0.004999074402764413
addA.aln,0.021574121628100715
group_318.aln,0.021455140701840965
group_763.aln,0.010649660345910576
tadA_1~~~tadA_2.aln,0.06081261625572466
group_751.aln,0.012968327223539728
scpB.aln,0.011772198219366646
clpL.aln,0.02031208174719392
group_1374.aln,0.01456967301102043
arcC1_1.aln,0.02120592434047131
group_993.aln,0.013025296470910983
group_174.aln,0.050586596506139433
clcA_3.aln,0.007622943891059799
rplM.aln,0.007611712280407045
yqgN.aln,0.007328279439580175
fpaP.aln,0.011375380500237436
group_388.aln,0.3327611993575146
lytG_1.aln,0.00948358711120417
murT.aln,0.009415095621629508
glnA.aln,0.009137587567578246
group_1379.aln,0.032146514888853034
group_1041.aln,0.014052355959698318
ecfA1_1.aln,0.01124041737301211
group_918.aln,0.009589399547451156
group_300.aln,0.03141889840157706
group_195.aln,0.02424238843699488
pyrE_2~~~pyrE~~~pyrE_1.aln,0.061633540924292546
group_1044.aln,0.00939280542502036
znuC.aln,0.015843637728654214
cinA.aln,0.020097186115891296
proC.aln,0.03553890496588002
udk.aln,0.03912685829273105
group_457.aln,0.019950458654230344
gpr.aln,0.030287789360634868
pucI.aln,0.02769886667444782
rpiA_2~~~rpiA_1.aln,0.029451506391891435
arcD1.aln,0.016086164794061743
glpE.aln,0.010594446342958926
nnrD.aln,0.03536883160635045
group_465.aln,0.04615528493067316
rpe.aln,0.011821616047078038
rpsM.aln,0.0009464765396129896
pheT_2.aln,0.016146121319618113
group_681.aln,0.02867175187790331
gluA.aln,0.008433409294179376
helD_1.aln,0.014827433122315109
truB.aln,0.018101858121437858
mutSB.aln,0.010016238396669307
argG.aln,0.03806398898858669
ywlC.aln,0.015880428698818155
rplQ.aln,0.003808655605612134
bioY.aln,0.015068554564690041
group_948.aln,0.009660012617735293
group_677.aln,0.016955551954254803
rplW.aln,0.003152195677762077
clcB.aln,0.01955038723058347
lytH.aln,0.03744733192638975
group_1327.aln,0.009904557555286245
ydfK_2.aln,0.01885839421970122
purK_2~~~purK_1.aln,0.02669507566001695
groES.aln,0.009965794527454335
tcyL_2~~~tcyL_1.aln,0.05097559167298718
group_307.aln,0.04998659024055497
clpX.aln,0.021118730521751294
fabZ_2.aln,0.01003059070024658
ndoA.aln,0.013139080938723192
mepA_2~~~mepA_1.aln,0.04953584118924248
acyP.aln,0.0112117267037167
rplI.aln,0.0031531151840280217
group_753.aln,0.008919219145131212
parE.aln,0.011710895498214031
pdhD.aln,0.010116916888486163
rlmA.aln,0.033553623663846566
acpS.aln,0.013313683815415872
gcvH.aln,0.06462047019554776
group_260.aln,0.03301089501332988
group_1430.aln,0.021909374168343286
artQ~~~artQ_2.aln,0.022713472789028823
folE.aln,0.01065585329406738
group_16.aln,0.05324678913317679
gshAB_4~~~gshAB_1.aln,0.05400677782806484
