key,P187_SD_IT,P2020_Cocoa_CR,P2024_Cocoa_CR,P2029_Cocoa_CR,P2052_Cocoa_CR,P2176_Unknown_BE,P240_SD_IT,P2711_SD_BE,P2712_SD_BE,P2740_Qu_CN,P2746_Cocoa_VN,P2763_Cocoa_VN,P2764_Cocoa_VN,P2809_Apricot_BE,P3124_LMG_BE,P3333_Amaranth_BE,P3334_WhiteCowpea_BE,P3335_RedCowpea_BE,P3378_Banana_BE,P360_Cocoa_CR,P363_Unknown_BE,P800_Unknown_BE,P815_Cocoa_CR,Reference
P187_SD_IT,1.0,0.7587665926400474,0.7283281205383965,0.7419167012751652,0.72965729546744,0.8157589660042379,0.9969341722082596,0.8762415435982137,0.7656464017915254,0.7424399006026744,0.7518601992366584,0.7328198927756093,0.7548058229375482,0.8487068884579274,0.7461913539306391,0.848843608242643,0.8524210651420673,0.8536157088846555,0.7742521573167596,0.7539550201137385,0.7303233125596374,0.8323730351329303,0.7401008086265644,0.763730487025984
P2020_Cocoa_CR,0.8109738744447342,1.0,0.8921327282654546,0.8979247027208377,0.8980216685045495,0.7864529182917681,0.8103979212148942,0.8133520904277216,0.7944697928378393,0.7798454809031209,0.8953115637169271,0.8803929860465232,0.8188298257134532,0.804779431086201,0.7717357776358642,0.8046797473680638,0.8062888162822162,0.806743572423752,0.8077512025579127,0.8990220924553275,0.8958258955903449,0.8243906958214795,0.8935420611365283,0.787980582927693
P2024_Cocoa_CR,0.8078846883321464,0.9269639557748324,1.0,0.9369010213386224,0.947917290374513,0.8142996213654707,0.807162990407518,0.8367124750319781,0.8083168101667506,0.8042546397131903,0.919326363429221,0.906796536712376,0.8240674235619662,0.81619345945495,0.789610374200216,0.8157752554162737,0.8185028807407302,0.8188592414888678,0.8194011960860353,0.9149985737265026,0.9744318708373012,0.8280485879806012,0.9249629041135896,0.8086409042437195
P2029_Cocoa_CR,0.8112432249485386,0.9156983910884252,0.9215209183851792,1.0,0.9117189903376862,0.8032040436102043,0.8110480039571677,0.8245290814561562,0.8010093811546818,0.7964127426647675,0.914570246063356,0.8978381415720492,0.8156062878298379,0.818016621920147,0.7764745407143337,0.8175790702000915,0.8207194223476396,0.8213537239984599,0.8106211422353329,0.935783683715234,0.921689459276385,0.8240374454257691,0.910962191480992,0.7912181175884684
P2052_Cocoa_CR,0.8110006553483614,0.9308527095823736,0.9489312515969252,0.9251029599851632,1.0,0.8180031012844187,0.8100954174529957,0.8305475705904786,0.8127520529207775,0.8077781892532534,0.9144735745045228,0.9035944683418302,0.8264553119805406,0.8187146069715238,0.7930795172764812,0.8188687736540637,0.8196637167806166,0.8201065611311804,0.8206936286988261,0.9134777022573244,0.9543615933970632,0.8274513693407742,0.922861305538522,0.800121065268796
P2176_Unknown_BE,0.8637434922958405,0.7760436980151435,0.7713051029053773,0.7695843064685846,0.7742239908164338,1.0,0.8622171418833336,0.8739377455868871,0.802735193127762,0.7856246568435254,0.7717920568602304,0.76356219891673,0.7836137498350317,0.8539959755880161,0.7909986569685167,0.854547306807271,0.8553046294101253,0.8561483137128333,0.807496622628204,0.7745262408467474,0.7740551441275421,0.8512319355716197,0.7750247117270661,0.7858728770751385
P240_SD_IT,0.9985129375297196,0.7563180058409663,0.7251453483671038,0.7380006526342193,0.7265404872298593,0.8155714898196857,1.0,0.8747187386444489,0.7633110309340136,0.7402912557099136,0.7495737344803182,0.7298171892050604,0.7562321161204131,0.8490367270034145,0.7435396648382372,0.8493793919458039,0.8527035519108059,0.8535349442517399,0.7741273166862203,0.7509849632387122,0.7263708953768002,0.833757724935347,0.7355939189229523,0.7628232154627357
P2711_SD_BE,0.8424688881588626,0.7328278415196452,0.7212603799413665,0.7255400884792463,0.7194633323820864,0.7985662269537196,0.8395910252608918,1.0,0.7837290361900054,0.7368673767925024,0.7256657510537959,0.7281265258189562,0.7445914110139842,0.81851581135992,0.7488645004826174,0.818152573521042,0.8238980154960482,0.8263128755763687,0.7665610347571244,0.7398745438284865,0.726494841607027,0.8317944396927299,0.7408105611595803,0.7688924412674615
P2712_SD_BE,0.7333505920610917,0.707554619384977,0.6960501663368412,0.7075454603022012,0.7038139152180608,0.7291017474367149,0.7317369963107527,0.7784204645790461,1.0,0.75194764948112,0.7001618569142083,0.684357010759441,0.7469307092895707,0.7380521180698849,0.7758295609497595,0.7380521180698849,0.7503796425605654,0.7514417927266234,0.7853252209308278,0.6971662045853693,0.7081208371989662,0.7481328062870921,0.7072274252299894,0.8030592594614713
P2740_Qu_CN,0.8138401895111258,0.7977099195910972,0.79318420878201,0.7985615373210381,0.7962865452274356,0.8114289580814701,0.8138204344662029,0.8288645124609855,0.8721040622556734,1.0,0.7938564877909934,0.7776369912068093,0.8438432151680113,0.819175164316896,0.8501271640204787,0.8191725086646637,0.8220474761916912,0.8221399632075105,0.86401872964946,0.7997466174501754,0.796823232570458,0.8134756912559101,0.7988984531826692,0.8610649039225345
P2746_Cocoa_VN,0.8089648737421854,0.9005491974431603,0.8929925492219064,0.8999205516796819,0.8847499592623734,0.788716016242153,0.8082157476882346,0.8116200562740601,0.7846572060096371,0.7797666008806782,1.0,0.9109453651120448,0.8050098967040348,0.7913261616542224,0.757814028045285,0.7914786623378455,0.7929273725600896,0.7932720138592366,0.7984447063733688,0.8822443447846516,0.898709210805634,0.8079648399015141,0.908527290998244,0.7727367352903061
P2763_Cocoa_VN,0.8265699165182123,0.9322648680513128,0.9222536852151584,0.9249622870510972,0.9187111828295548,0.819389288722558,0.8256653957213768,0.8429448143278634,0.8153584322618148,0.8096385724295138,0.955796436088997,1.0,0.8338052223167965,0.8331975037241238,0.7903614503415013,0.833266571765188,0.834926752250957,0.8351973793898217,0.8186943712653613,0.924083668001328,0.92677938428187,0.8361618102608801,0.9348760759300944,0.8031599479764804
P2764_Cocoa_VN,0.8255245660772224,0.8323904910033011,0.8097672031481036,0.8148373174888154,0.813516712664891,0.8138444050791962,0.8250447520520947,0.8400946207089617,0.8526529718883146,0.834435015237671,0.8137048040746249,0.8003115723964946,1.0,0.828374716659331,0.8190012599845701,0.8283833017879108,0.8301115348062121,0.8309839746561554,0.8619841917368644,0.8240408212694713,0.8116840996194818,0.8415213745969912,0.8187940637255622,0.8397852003769172
P2809_Apricot_BE,0.8894035037505126,0.7824874766211454,0.768165073278917,0.7797696649115572,0.7673769952830995,0.8430911698320344,0.8891999029982274,0.893800451620438,0.8084212542814372,0.777654682095331,0.7701544106661473,0.7718715927373234,0.7926890758333356,1.0,0.7881160180844929,0.9993624502818392,0.9992125316259282,0.9989434954061912,0.8124432865816745,0.7900818134924393,0.7710891389079164,0.8425943186922442,0.7789909323604018,0.7901691179343175
P3124_LMG_BE,0.7750054670743108,0.7424015631825001,0.7371885164289609,0.7337531561882209,0.7386023671714492,0.7751589459092084,0.7745469680235841,0.7969639232495843,0.8467583752377278,0.7989551280951481,0.7303907416347794,0.7209709525256242,0.7770231757575788,0.7879411770216604,1.0,0.7877533708782001,0.7890914714941057,0.7894703302449665,0.8258216951356758,0.748603013864467,0.7412677080098093,0.7819896199667331,0.7327890750467673,0.818407284611355
P3333_Amaranth_BE,0.8885654216842694,0.7803681144158701,0.7689766525314801,0.7773591405242607,0.7690052627250338,0.8406706187029449,0.8883619987623236,0.8922895549387593,0.8064407720651118,0.7800788055392915,0.7693037388562194,0.7715135645556143,0.7958180761078602,0.9984588877292564,0.788904379901431,1.0,0.99897478735291,0.9986853316960488,0.8132679979215728,0.7898438129695163,0.7722447148502072,0.8418241576363502,0.7785270478820597,0.7946645240770713
P3334_WhiteCowpea_BE,0.8875308806342043,0.7772506862542281,0.763730602581331,0.7754506999540417,0.7623642970487512,0.8387849989210174,0.8874741723443825,0.8888658844294385,0.8056957653386507,0.7789424793414723,0.7650866230254446,0.7667918094861947,0.7911291905924764,0.9883480486966556,0.7847011743508082,0.989273480441279,1.0,0.999310628185536,0.8118868149010743,0.7853944515922128,0.7679513485360875,0.8387219261965606,0.7746229122034691,0.7918775332011242
P3335_RedCowpea_BE,0.8854252272273259,0.7770006223575638,0.7603288768441705,0.770566028447499,0.7591078808369554,0.837516267985959,0.8852845419470273,0.8861324603014633,0.8065833077702035,0.7752167098449143,0.7620152147814487,0.7639699016284357,0.7887006526593126,0.9882360934560768,0.7822338016805923,0.9886553755820772,0.9986899418927764,1.0,0.8073507083469835,0.7802801403014952,0.7648949816276411,0.834922690024558,0.7728180136295221,0.7917505805623662
P3378_Banana_BE,0.8186476537244225,0.7961610564304947,0.7778792758821823,0.7796046996123502,0.779633031300259,0.8081853175262748,0.8181604902769004,0.8323206312056681,0.8718020750544635,0.836847576193242,0.7805361275867287,0.7624527565885915,0.8433754341156134,0.8258016735421254,0.8429113785683711,0.8258539914762031,0.8284962894360707,0.8297038517890227,1.0,0.7965776094515664,0.7792282621419742,0.8231945641578041,0.7773744198983262,0.8455260174566892
P360_Cocoa_CR,0.8210679173878128,0.9155643052780452,0.9009885538618876,0.93134240911464,0.8989176496693856,0.8040214389545682,0.8195826495463348,0.8386889035485174,0.8054057845781789,0.7976869176865602,0.8927881939051384,0.8920593095540491,0.8260508981129583,0.8267590658606884,0.788149298779521,0.8263291951992963,0.8278226874287296,0.828197688571737,0.8240471002218837,1.0,0.903399818183812,0.8304955462621199,0.8955214240370247,0.8027790340993968
P363_Unknown_BE,0.8046542451751267,0.9225568144776302,0.967544678070728,0.9282255478964468,0.9474804880478928,0.8135253473979213,0.803966853216539,0.8288993508889013,0.8084598644891092,0.8054415823223946,0.9212406438185584,0.903906719738926,0.8203246963320594,0.8157802025769173,0.7869537122657498,0.8157106406008579,0.8178133064402013,0.8181475460364553,0.8134926284671554,0.908677366528085,1.0,0.8265404986225751,0.9222910175118466,0.8004404295431083
P800_Unknown_BE,0.8771723954435657,0.8134692368549137,0.7864706443106158,0.794592715326136,0.7897921600656747,0.8505958121040561,0.87736158506849,0.905852027881754,0.8124479960894397,0.783070702228874,0.7960045519360303,0.7811965563882691,0.8120871685085339,0.8531189045538764,0.7943326308311102,0.8526186105383918,0.8548424641581993,0.8552736724424539,0.8196260285558402,0.8011713267184967,0.7889506704345337,1.0,0.7940615343038429,0.8047886170251811
P815_Cocoa_CR,0.7810581386578535,0.8833066444547035,0.8832418056287231,0.8834912401291052,0.8772390434193469,0.7793661125145879,0.7802083894446745,0.8125199613871159,0.7815278866078101,0.7733236046890939,0.893622327599727,0.8734031033095342,0.7957777164244778,0.7906776351457987,0.7484055160776273,0.7904228956671889,0.7941478025701332,0.7947169453513029,0.7820464183412811,0.8690166325186814,0.886241007790276,0.7960480594791471,1.0,0.7645063233007245
Reference,0.8034101641081843,0.7751996079174518,0.7607643550630963,0.7614361663397073,0.7628669963848411,0.7959049671098313,0.8019747788703981,0.8372154640048839,0.8764478783289245,0.825277818774754,0.7553992842630016,0.7496144758085284,0.8085584189603745,0.807725448265995,0.8289036872133654,0.8077564487304847,0.8141372930160078,0.8162346303018208,0.8382296535130033,0.7714481597879622,0.7724482812585184,0.8152204775898764,0.7680128509255575,1.0
