key,percentage_identity_P187_SD_IT,percentage_identity_P2020_Cocoa_CR,percentage_identity_P2024_Cocoa_CR,percentage_identity_P2029_Cocoa_CR,percentage_identity_P2052_Cocoa_CR,percentage_identity_P2176_Unknown_BE,percentage_identity_P240_SD_IT,percentage_identity_P2711_SD_BE,percentage_identity_P2712_SD_BE,percentage_identity_P2740_Qu_CN,percentage_identity_P2746_Cocoa_VN,percentage_identity_P2763_Cocoa_VN,percentage_identity_P2764_Cocoa_VN,percentage_identity_P2809_Apricot_BE,percentage_identity_P3124_LMG_BE,percentage_identity_P3333_Amaranth_BE,percentage_identity_P3334_WhiteCowpea_BE,percentage_identity_P3335_RedCowpea_BE,percentage_identity_P3378_Banana_BE,percentage_identity_P360_Cocoa_CR,percentage_identity_P363_Unknown_BE,percentage_identity_P800_Unknown_BE,percentage_identity_P815_Cocoa_CR,percentage_identity_Reference,full_percentage_identity_P187_SD_IT,full_percentage_identity_P2020_Cocoa_CR,full_percentage_identity_P2024_Cocoa_CR,full_percentage_identity_P2029_Cocoa_CR,full_percentage_identity_P2052_Cocoa_CR,full_percentage_identity_P2176_Unknown_BE,full_percentage_identity_P240_SD_IT,full_percentage_identity_P2711_SD_BE,full_percentage_identity_P2712_SD_BE,full_percentage_identity_P2740_Qu_CN,full_percentage_identity_P2746_Cocoa_VN,full_percentage_identity_P2763_Cocoa_VN,full_percentage_identity_P2764_Cocoa_VN,full_percentage_identity_P2809_Apricot_BE,full_percentage_identity_P3124_LMG_BE,full_percentage_identity_P3333_Amaranth_BE,full_percentage_identity_P3334_WhiteCowpea_BE,full_percentage_identity_P3335_RedCowpea_BE,full_percentage_identity_P3378_Banana_BE,full_percentage_identity_P360_Cocoa_CR,full_percentage_identity_P363_Unknown_BE,full_percentage_identity_P800_Unknown_BE,full_percentage_identity_P815_Cocoa_CR,full_percentage_identity_Reference,alignment_coverage_P187_SD_IT,alignment_coverage_P2020_Cocoa_CR,alignment_coverage_P2024_Cocoa_CR,alignment_coverage_P2029_Cocoa_CR,alignment_coverage_P2052_Cocoa_CR,alignment_coverage_P2176_Unknown_BE,alignment_coverage_P240_SD_IT,alignment_coverage_P2711_SD_BE,alignment_coverage_P2712_SD_BE,alignment_coverage_P2740_Qu_CN,alignment_coverage_P2746_Cocoa_VN,alignment_coverage_P2763_Cocoa_VN,alignment_coverage_P2764_Cocoa_VN,alignment_coverage_P2809_Apricot_BE,alignment_coverage_P3124_LMG_BE,alignment_coverage_P3333_Amaranth_BE,alignment_coverage_P3334_WhiteCowpea_BE,alignment_coverage_P3335_RedCowpea_BE,alignment_coverage_P3378_Banana_BE,alignment_coverage_P360_Cocoa_CR,alignment_coverage_P363_Unknown_BE,alignment_coverage_P800_Unknown_BE,alignment_coverage_P815_Cocoa_CR,alignment_coverage_Reference,hadamard_P187_SD_IT,hadamard_P2020_Cocoa_CR,hadamard_P2024_Cocoa_CR,hadamard_P2029_Cocoa_CR,hadamard_P2052_Cocoa_CR,hadamard_P2176_Unknown_BE,hadamard_P240_SD_IT,hadamard_P2711_SD_BE,hadamard_P2712_SD_BE,hadamard_P2740_Qu_CN,hadamard_P2746_Cocoa_VN,hadamard_P2763_Cocoa_VN,hadamard_P2764_Cocoa_VN,hadamard_P2809_Apricot_BE,hadamard_P3124_LMG_BE,hadamard_P3333_Amaranth_BE,hadamard_P3334_WhiteCowpea_BE,hadamard_P3335_RedCowpea_BE,hadamard_P3378_Banana_BE,hadamard_P360_Cocoa_CR,hadamard_P363_Unknown_BE,hadamard_P800_Unknown_BE,hadamard_P815_Cocoa_CR,hadamard_Reference,alignment_lengths_P187_SD_IT,alignment_lengths_P2020_Cocoa_CR,alignment_lengths_P2024_Cocoa_CR,alignment_lengths_P2029_Cocoa_CR,alignment_lengths_P2052_Cocoa_CR,alignment_lengths_P2176_Unknown_BE,alignment_lengths_P240_SD_IT,alignment_lengths_P2711_SD_BE,alignment_lengths_P2712_SD_BE,alignment_lengths_P2740_Qu_CN,alignment_lengths_P2746_Cocoa_VN,alignment_lengths_P2763_Cocoa_VN,alignment_lengths_P2764_Cocoa_VN,alignment_lengths_P2809_Apricot_BE,alignment_lengths_P3124_LMG_BE,alignment_lengths_P3333_Amaranth_BE,alignment_lengths_P3334_WhiteCowpea_BE,alignment_lengths_P3335_RedCowpea_BE,alignment_lengths_P3378_Banana_BE,alignment_lengths_P360_Cocoa_CR,alignment_lengths_P363_Unknown_BE,alignment_lengths_P800_Unknown_BE,alignment_lengths_P815_Cocoa_CR,alignment_lengths_Reference,similarity_errors_P187_SD_IT,similarity_errors_P2020_Cocoa_CR,similarity_errors_P2024_Cocoa_CR,similarity_errors_P2029_Cocoa_CR,similarity_errors_P2052_Cocoa_CR,similarity_errors_P2176_Unknown_BE,similarity_errors_P240_SD_IT,similarity_errors_P2711_SD_BE,similarity_errors_P2712_SD_BE,similarity_errors_P2740_Qu_CN,similarity_errors_P2746_Cocoa_VN,similarity_errors_P2763_Cocoa_VN,similarity_errors_P2764_Cocoa_VN,similarity_errors_P2809_Apricot_BE,similarity_errors_P3124_LMG_BE,similarity_errors_P3333_Amaranth_BE,similarity_errors_P3334_WhiteCowpea_BE,similarity_errors_P3335_RedCowpea_BE,similarity_errors_P3378_Banana_BE,similarity_errors_P360_Cocoa_CR,similarity_errors_P363_Unknown_BE,similarity_errors_P800_Unknown_BE,similarity_errors_P815_Cocoa_CR,similarity_errors_Reference
P187_SD_IT,1.0,0.977826947815534,0.977314204902577,0.976388719059406,0.976774476010101,0.9895053526734926,0.9999901930320152,0.9893756954689146,0.9794624137931036,0.9797279615861214,0.976486153846154,0.975918254568368,0.979345648204504,0.9899203247110622,0.978828195812808,0.9899021208791208,0.989987430289776,0.990083304205352,0.9794737180249852,0.9761760510328068,0.977080820802005,0.9883464412416852,0.9758713526868436,0.9796332815301853,1.0,0.7587665926400474,0.7283281205383965,0.7419167012751652,0.72965729546744,0.8157589660042379,0.9969341722082596,0.8762415435982137,0.7656464017915254,0.7424399006026744,0.7518601992366584,0.7328198927756093,0.7548058229375482,0.8487068884579274,0.7461913539306391,0.848843608242643,0.8524210651420673,0.8536157088846555,0.7742521573167596,0.7539550201137385,0.7303233125596374,0.8323730351329303,0.7401008086265644,0.763730487025984,1.0,0.7759722661920215,0.7452343544019187,0.75985792010162,0.7470069226705454,0.8244108673087837,0.9969439492056522,0.8856509692032803,0.7817006462008623,0.7578020937574429,0.7699650387005021,0.7509029463740516,0.7707246408062172,0.8573486848102122,0.7623312825710032,0.8575025654948538,0.861042311307486,0.8621655422921949,0.790477726015931,0.7723555800370686,0.7474543528141053,0.8421875168460145,0.7583999741245219,0.7796085549819607,1.0,0.7587665926400474,0.7283281205383965,0.7419167012751652,0.72965729546744,0.8157589660042379,0.9969341722082596,0.8762415435982137,0.7656464017915254,0.7424399006026744,0.7518601992366584,0.7328198927756093,0.7548058229375482,0.8487068884579274,0.7461913539306391,0.848843608242643,0.8524210651420673,0.8536157088846555,0.7742521573167596,0.7539550201137385,0.7303233125596374,0.8323730351329303,0.7401008086265644,0.763730487025984,2040542.0,1583404.0,1520682.0,1550522.0,1524299.0,1682245.0,2034306.0,1807208.0,1595093.0,1546327.0,1571146.0,1532249.0,1572696.0,1749456.0,1555569.0,1749770.0,1756993.0,1759285.0,1613003.0,1576024.0,1525212.0,1718519.0,1547547.0,1590824.0,0.0,34461.0,34121.0,36174.0,34266.0,17063.0,10.0,19016.0,32105.0,30493.0,36546.0,35710.0,31933.0,16243.0,31678.0,16264.0,16295.0,16303.0,33132.0,36577.0,34229.0,19842.0,36366.0,31374.0
P2020_Cocoa_CR,0.9775563614602034,1.0,0.9947917036625972,0.9934966721672168,0.994798908489526,0.977784603076923,0.9777222915416915,0.9774757531010044,0.975276246264196,0.976689142324425,0.993332770419426,0.9929726542161856,0.980147199762188,0.9775959386281587,0.9768766811684274,0.9776003552077062,0.97758106242497,0.9776939448441246,0.9782557331730768,0.992876783561644,0.9952824917309814,0.9795694214876034,0.9927601049723758,0.9785171924482338,0.8109738744447342,1.0,0.8921327282654546,0.8979247027208377,0.8980216685045495,0.7864529182917681,0.8103979212148942,0.8133520904277216,0.7944697928378393,0.7798454809031209,0.8953115637169271,0.8803929860465232,0.8188298257134532,0.804779431086201,0.7717357776358642,0.8046797473680638,0.8062888162822162,0.806743572423752,0.8077512025579127,0.8990220924553275,0.8958258955903449,0.8243906958214795,0.8935420611365283,0.787980582927693,0.8295929589505814,1.0,0.8968035468941132,0.9038024261944452,0.9027167810910446,0.8043212337532556,0.8288630915196206,0.8320943899093081,0.8146100101187356,0.7984582269924334,0.9013208769291784,0.8866235966402031,0.835415155919565,0.8232229690065327,0.7900032752473963,0.8231172821097198,0.8247794963234563,0.8251494004623017,0.8257055646767184,0.9054719652426142,0.9000719926584231,0.8415847593216366,0.9000583893944769,0.8052802638614643,0.8109738744447342,1.0,0.8921327282654546,0.8979247027208377,0.8980216685045495,0.7864529182917681,0.8103979212148942,0.8133520904277216,0.7944697928378393,0.7798454809031209,0.8953115637169271,0.8803929860465232,0.8188298257134532,0.804779431086201,0.7717357776358642,0.8046797473680638,0.8062888162822162,0.806743572423752,0.8077512025579127,0.8990220924553275,0.8958258955903449,0.8243906958214795,0.8935420611365283,0.787980582927693,1585606.0,1911306.0,1714066.0,1727443.0,1725368.0,1537304.0,1584211.0,1590387.0,1556969.0,1526098.0,1722700.0,1694609.0,1596734.0,1573431.0,1509938.0,1573229.0,1576406.0,1577113.0,1578176.0,1730634.0,1720313.0,1608526.0,1720287.0,1539137.0,35039.0,0.0,8579.0,10854.0,8470.0,33843.0,34804.0,35877.0,38298.0,35036.0,10874.0,10494.0,30853.0,34941.0,33909.0,34940.0,35022.0,35058.0,33829.0,12184.0,7693.0,32947.0,11447.0,33440.0
P2024_Cocoa_CR,0.9778317317380354,0.9950751706771126,1.0,0.9959006674082314,0.9967347153123274,0.9777654754505908,0.9780163171193936,0.978419313666466,0.9766906028589184,0.9767401514195584,0.9946340816326532,0.9943500635838152,0.9796995317313616,0.9779881086142322,0.9769078832584992,0.9779801124297314,0.9781572653822248,0.9782261242236028,0.9790575590062112,0.9935287945670632,0.9983438592750534,0.979538597785978,0.9943757199100114,0.9779602618453864,0.8078846883321464,0.9269639557748324,1.0,0.9369010213386224,0.947917290374513,0.8142996213654707,0.807162990407518,0.8367124750319781,0.8083168101667506,0.8042546397131903,0.919326363429221,0.906796536712376,0.8240674235619662,0.81619345945495,0.789610374200216,0.8157752554162737,0.8185028807407302,0.8188592414888678,0.8194011960860353,0.9149985737265026,0.9744318708373012,0.8280485879806012,0.9249629041135896,0.8086409042437195,0.8262001140995715,0.9315516888478556,1.0,0.9407574992161098,0.9510226500714212,0.8328169093822946,0.8253062615406055,0.8551675783019197,0.8276078502247152,0.823406960944849,0.9242860066891962,0.9119489905236386,0.8411430207643801,0.8345637868863882,0.8082751585200153,0.8341429902797617,0.8367804541337143,0.8370858446852245,0.8369285222799011,0.9209582839772846,0.97604834424973,0.8453455431487997,0.9301945789638714,0.8268647876528585,0.8078846883321464,0.9269639557748324,1.0,0.9369010213386224,0.947917290374513,0.8142996213654707,0.807162990407518,0.8367124750319781,0.8083168101667506,0.8042546397131903,0.919326363429221,0.906796536712376,0.8240674235619662,0.81619345945495,0.789610374200216,0.8157752554162737,0.8185028807407302,0.8188592414888678,0.8194011960860353,0.9149985737265026,0.9744318708373012,0.8280485879806012,0.9249629041135896,0.8086409042437195,1517723.0,1711253.0,1836992.0,1728164.0,1747021.0,1529878.0,1516081.0,1570936.0,1520309.0,1512592.0,1697906.0,1675243.0,1545173.0,1533087.0,1484795.0,1532314.0,1537159.0,1537720.0,1537431.0,1691793.0,1792993.0,1552893.0,1708760.0,1518944.0,33986.0,8099.0,0.0,6759.0,5152.0,34448.0,33623.0,34038.0,35437.0,35125.0,8950.0,8875.0,30760.0,33572.0,34453.0,33569.0,33611.0,33631.0,32218.0,10642.0,2814.0,31938.0,9145.0,33910.0
P2029_Cocoa_CR,0.977008602350031,0.9936126013513514,0.9961278217270196,1.0,0.9951034726143422,0.9779205046728972,0.9770114665841584,0.9772006630500304,0.9757780814312152,0.9760398172652802,0.9941697699214368,0.9939824468696152,0.9793475046324892,0.9768608962553716,0.9760582458386684,0.9768471621621622,0.976860567419158,0.9769299878123096,0.9778325030978934,0.9942296276013144,0.9955623679822122,0.9795826219512196,0.9944463196398424,0.9775855730478588,0.8112432249485386,0.9156983910884252,0.9215209183851792,1.0,0.9117189903376862,0.8032040436102043,0.8110480039571677,0.8245290814561562,0.8010093811546818,0.7964127426647675,0.914570246063356,0.8978381415720492,0.8156062878298379,0.818016621920147,0.7764745407143337,0.8175790702000915,0.8207194223476396,0.8213537239984599,0.8106211422353329,0.935783683715234,0.921689459276385,0.8240374454257691,0.910962191480992,0.7912181175884684,0.8303337585741094,0.9215849213697974,0.9251030824412756,1.0,0.9162052142601936,0.8213387895766298,0.8301315099123303,0.8437663958215533,0.8208929841709576,0.815963374215817,0.919933671022434,0.9032736386841068,0.8328058058777645,0.8373931488668174,0.7955207017867623,0.8369569998959251,0.8401602538998585,0.8407498328900315,0.8289979517628895,0.9412148438715436,0.9257978092768296,0.841212805290868,0.9160496383665176,0.8093594457635611,0.8112432249485386,0.9156983910884252,0.9215209183851792,1.0,0.9117189903376862,0.8032040436102043,0.8110480039571677,0.8245290814561562,0.8010093811546818,0.7964127426647675,0.914570246063356,0.8978381415720492,0.8156062878298379,0.818016621920147,0.7764745407143337,0.8175790702000915,0.8207194223476396,0.8213537239984599,0.8106211422353329,0.935783683715234,0.921689459276385,0.8240374454257691,0.910962191480992,0.7912181175884684,1547777.0,1717873.0,1724431.0,1864042.0,1707845.0,1531010.0,1547400.0,1572816.0,1530179.0,1520990.0,1714795.0,1683740.0,1552385.0,1560936.0,1482884.0,1560123.0,1566094.0,1567193.0,1545287.0,1754464.0,1725726.0,1568056.0,1707555.0,1508680.0,35704.0,10602.0,6475.0,0.0,7681.0,34103.0,35699.0,36123.0,37090.0,36282.0,9514.0,9363.0,31453.0,36003.0,34780.0,36000.0,36172.0,36225.0,33732.0,9995.0,7161.0,32015.0,8883.0,34140.0
P2052_Cocoa_CR,0.977594294592915,0.9950180011074196,0.9966991096634096,0.9950872346368717,1.0,0.977406029593095,0.9777905973864346,0.977712940821256,0.9761400245700248,0.976218142589118,0.994361671372106,0.9940263573487031,0.979186889570552,0.9779435784919654,0.9761152248258392,0.9779610129709698,0.9780433004318324,0.9780922939729396,0.9784175911056208,0.9931340577249576,0.9973492648648647,0.9799108912108176,0.9941109843400447,0.9774124466750316,0.8110006553483614,0.9308527095823736,0.9489312515969252,0.9251029599851632,1.0,0.8180031012844187,0.8100954174529957,0.8305475705904786,0.8127520529207775,0.8077781892532534,0.9144735745045228,0.9035944683418302,0.8264553119805406,0.8187146069715238,0.7930795172764812,0.8188687736540637,0.8196637167806166,0.8201065611311804,0.8206936286988261,0.9134777022573244,0.9543615933970632,0.8274513693407742,0.922861305538522,0.800121065268796,0.829588163345485,0.9355134364869456,0.9520739432760044,0.9296702115998432,1.0,0.8369122724002045,0.8284958145622628,0.8494799812027015,0.832618305226018,0.8274566452031616,0.9196589136854536,0.909024656802788,0.8440220358168848,0.8371797974623647,0.8124855520187018,0.8373225136719958,0.8380648550209516,0.8384756389399278,0.8387968860733941,0.919792947540126,0.9568980767498472,0.8444149123787591,0.9283282451115628,0.8186114960891417,0.8110006553483614,0.9308527095823736,0.9489312515969252,0.9251029599851632,1.0,0.8180031012844187,0.8100954174529957,0.8305475705904786,0.8127520529207775,0.8077781892532534,0.9144735745045228,0.9035944683418302,0.8264553119805406,0.8187146069715238,0.7930795172764812,0.8188687736540637,0.8196637167806166,0.8201065611311804,0.8206936286988261,0.9134777022573244,0.9543615933970632,0.8274513693407742,0.922861305538522,0.800121065268796,1528780.0,1723981.0,1754499.0,1713213.0,1842818.0,1542277.0,1526767.0,1565437.0,1534364.0,1524852.0,1694764.0,1675167.0,1555379.0,1542770.0,1497263.0,1543033.0,1544401.0,1545158.0,1545750.0,1695011.0,1763389.0,1556103.0,1710740.0,1508552.0,34348.0,8381.0,5476.0,8044.0,0.0,34980.0,33986.0,34789.0,36775.0,36095.0,9138.0,9176.0,31905.0,33762.0,35386.0,33761.0,33762.0,33777.0,33350.0,11181.0,4456.0,31308.0,9388.0,34406.0
P2176_Unknown_BE,0.989175437392796,0.9773197842639594,0.9768852281368822,0.976412027972028,0.9767367789072428,1.0,0.989358392652124,0.9887654101123596,0.9784676339554488,0.9795976822429908,0.977523864213198,0.975423204384268,0.9796236654135336,0.9863068945538817,0.9787533600988264,0.9863097627314814,0.9863455086705202,0.986391450028885,0.9799138498789346,0.976174047919294,0.9768455,0.988223406976744,0.9756167046173309,0.9797979058240396,0.8637434922958405,0.7760436980151435,0.7713051029053773,0.7695843064685846,0.7742239908164338,1.0,0.8622171418833336,0.8739377455868871,0.802735193127762,0.7856246568435254,0.7717920568602304,0.76356219891673,0.7836137498350317,0.8539959755880161,0.7909986569685167,0.854547306807271,0.8553046294101253,0.8561483137128333,0.807496622628204,0.7745262408467474,0.7740551441275421,0.8512319355716197,0.7750247117270661,0.7858728770751385,0.8731954511248673,0.7940529911605123,0.7895554981176369,0.7881757745928047,0.7926639065262014,1.0,0.8714912091381071,0.8838676359922178,0.8204003538499383,0.8019870515053444,0.7895378160219549,0.7828009375671204,0.7999130456941757,0.8658521808004684,0.808169544254385,0.8664086467528131,0.8671450540318039,0.867959990618088,0.824048586238441,0.7934304773801791,0.7924028355840734,0.861376010284739,0.7943946716564847,0.8020765021070297,0.8637434922958405,0.7760436980151435,0.7713051029053773,0.7695843064685846,0.7742239908164338,1.0,0.8622171418833336,0.8739377455868871,0.802735193127762,0.7856246568435254,0.7717920568602304,0.76356219891673,0.7836137498350317,0.8539959755880161,0.7909986569685167,0.854547306807271,0.8553046294101253,0.8561483137128333,0.807496622628204,0.7745262408467474,0.7740551441275421,0.8512319355716197,0.7750247117270661,0.7858728770751385,1679023.0,1526844.0,1518196.0,1515543.0,1524173.0,1922849.0,1675746.0,1699544.0,1577506.0,1542100.0,1518162.0,1505208.0,1538112.0,1664903.0,1553988.0,1665973.0,1667389.0,1668956.0,1584521.0,1525647.0,1523671.0,1656296.0,1527501.0,1542272.0,17713.0,33827.0,34620.0,34952.0,34833.0,0.0,17380.0,18666.0,32308.0,30529.0,33694.0,35973.0,30169.0,21980.0,31083.0,21993.0,22001.0,22047.0,31181.0,35009.0,34733.0,18432.0,36581.0,29761.0
P240_SD_IT,0.9999931329262564,0.9778150823672972,0.9771842361111112,0.97645799501868,0.9764119442685244,0.9895129857549856,1.0,0.9890464255543824,0.9792754854079808,0.9800350249066004,0.9761120721271394,0.9755466666666665,0.9790008495145632,0.989584603960396,0.978819562268804,0.9895648215266336,0.9896555798687088,0.9896830727173318,0.979702863095238,0.9759787895377128,0.976914877126654,0.9878994290465632,0.9754625620347396,0.979526090854752,0.9985129375297196,0.7563180058409663,0.7251453483671038,0.7380006526342193,0.7265404872298593,0.8155714898196857,1.0,0.8747187386444489,0.7633110309340136,0.7402912557099136,0.7495737344803182,0.7298171892050604,0.7562321161204131,0.8490367270034145,0.7435396648382372,0.8493793919458039,0.8527035519108059,0.8535349442517399,0.7741273166862203,0.7509849632387122,0.7263708953768002,0.833757724935347,0.7355939189229523,0.7628232154627357,0.9985197944387824,0.7734775413873911,0.7420763880237735,0.7557935481086425,0.7440921749212568,0.8242150447347745,1.0,0.884406147218165,0.7794650660697452,0.7553722437424776,0.7679176970394908,0.7481109967796455,0.7724529723292786,0.8579728540697805,0.7596289382639514,0.8583362842622465,0.8616164747173239,0.8624325986583001,0.7901654122357774,0.7694685287109853,0.7435355038437279,0.8439702467892095,0.7540975405438014,0.778767633230762,0.9985129375297196,0.7563180058409663,0.7251453483671038,0.7380006526342193,0.7265404872298593,0.8155714898196857,1.0,0.8747187386444489,0.7633110309340136,0.7402912557099136,0.7495737344803182,0.7298171892050604,0.7562321161204131,0.8490367270034145,0.7435396648382372,0.8493793919458039,0.8527035519108059,0.8535349442517399,0.7741273166862203,0.7509849632387122,0.7263708953768002,0.833757724935347,0.7355939189229523,0.7628232154627357,2035888.0,1577048.0,1513024.0,1540992.0,1517134.0,1680497.0,2038906.0,1803221.0,1589256.0,1540133.0,1565712.0,1525328.0,1574959.0,1749326.0,1548812.0,1750067.0,1756755.0,1758419.0,1611073.0,1568874.0,1515999.0,1720776.0,1537534.0,1587834.0,4.0,34563.0,34196.0,35964.0,34681.0,17210.0,0.0,19629.0,32137.0,29953.0,37110.0,36242.0,32136.0,16905.0,31281.0,16925.0,16960.0,17010.0,32391.0,36692.0,34308.0,20336.0,36678.0,31380.0
P2711_SD_BE,0.9887978172588832,0.9778222762148336,0.9785115734720417,0.9763944144144144,0.97827443359375,0.9892553126861228,0.9888584654586636,1.0,0.9795403229665072,0.980820719745223,0.978147056165268,0.978152583547558,0.9806630871212122,0.988203524970964,0.980365313283208,0.9881941836141778,0.9883406693594924,0.9881386666666668,0.981535417177914,0.9771585470625396,0.9769971061093248,0.9917078760045924,0.9761915025252524,0.980060695970696,0.8424688881588626,0.7328278415196452,0.7212603799413665,0.7255400884792463,0.7194633323820864,0.7985662269537196,0.8395910252608918,1.0,0.7837290361900054,0.7368673767925024,0.7256657510537959,0.7281265258189562,0.7445914110139842,0.81851581135992,0.7488645004826174,0.818152573521042,0.8238980154960482,0.8263128755763687,0.7665610347571244,0.7398745438284865,0.726494841607027,0.8317944396927299,0.7408105611595803,0.7688924412674615,0.8520132968075622,0.7494489124919858,0.7370994881359721,0.743080949427987,0.735441209210686,0.8072397658248349,0.8490507535590173,1.0,0.8000987992168681,0.7512763158020461,0.7418779686345929,0.74438951352374,0.75927341488887,0.8282866744317373,0.7638627053977433,0.8279269267997176,0.8336174368196207,0.8362316984961307,0.7809815329548897,0.7571693928816788,0.7435997886422943,0.8387494541677695,0.7588783135718975,0.7845355337976451,0.8424688881588626,0.7328278415196452,0.7212603799413665,0.7255400884792463,0.7194633323820864,0.7985662269537196,0.8395910252608918,1.0,0.7837290361900054,0.7368673767925024,0.7256657510537959,0.7281265258189562,0.7445914110139842,0.81851581135992,0.7488645004826174,0.818152573521042,0.8238980154960482,0.8263128755763687,0.7665610347571244,0.7398745438284865,0.726494841607027,0.8317944396927299,0.7408105611595803,0.7688924412674615,1783378.0,1568697.0,1542848.0,1555368.0,1539377.0,1689661.0,1777177.0,2093134.0,1674714.0,1572522.0,1552850.0,1558107.0,1589261.0,1733715.0,1598867.0,1732962.0,1744873.0,1750345.0,1634699.0,1584857.0,1556454.0,1755615.0,1588434.0,1642138.0,19672.0,34433.0,32783.0,36169.0,33029.0,17962.0,19505.0,0.0,33828.0,30001.0,33567.0,33520.0,30402.0,20156.0,31259.0,20160.0,20095.0,20449.0,30126.0,35769.0,35331.0,14318.0,37352.0,32336.0
P2712_SD_BE,0.9800234095238096,0.9760644109947644,0.97683258988016,0.9751729673202616,0.9759320959264128,0.9781531867431484,0.980011222151496,0.9798259330143542,1.0,0.9891969905956114,0.9758614795244388,0.9761620920785375,0.9867166541117388,0.9793826940063092,0.9920961416361416,0.9793826940063092,0.9794399317617868,0.9794094303405574,0.9888810870870872,0.97738273089701,0.9748588005215124,0.9797302857142858,0.9746386854153042,0.9922541214622642,0.7333505920610917,0.707554619384977,0.6960501663368412,0.7075454603022012,0.7038139152180608,0.7291017474367149,0.7317369963107527,0.7784204645790461,1.0,0.75194764948112,0.7001618569142083,0.684357010759441,0.7469307092895707,0.7380521180698849,0.7758295609497595,0.7380521180698849,0.7503796425605654,0.7514417927266234,0.7853252209308278,0.6971662045853693,0.7081208371989662,0.7481328062870921,0.7072274252299894,0.8030592594614713,0.7482990558535989,0.7249056634119736,0.7125582966291433,0.7255589357101534,0.72117098941188,0.7453860574378197,0.7466618542431716,0.7944477058127043,1.0,0.7601596614526297,0.7174807814480129,0.7010690297368982,0.7569860163776926,0.7535890950357454,0.7820104608715438,0.7535890950357454,0.7661313555092709,0.7672396951143652,0.7941553652766615,0.7132990818709605,0.7263829765091607,0.7636109827325136,0.725630365193879,0.8093282175316335,0.7333505920610917,0.707554619384977,0.6960501663368412,0.7075454603022012,0.7038139152180608,0.7291017474367149,0.7317369963107527,0.7784204645790461,1.0,0.75194764948112,0.7001618569142083,0.684357010759441,0.7469307092895707,0.7380521180698849,0.7758295609497595,0.7380521180698849,0.7503796425605654,0.7514417927266234,0.7853252209308278,0.6971662045853693,0.7081208371989662,0.7481328062870921,0.7072274252299894,0.8030592594614713,1581884.0,1532431.0,1506329.0,1533812.0,1524536.0,1575726.0,1578423.0,1679441.0,2113973.0,1606957.0,1516735.0,1482041.0,1600248.0,1593067.0,1653149.0,1593067.0,1619581.0,1621924.0,1678823.0,1507895.0,1535554.0,1614253.0,1533963.0,1710898.0,31439.0,36346.0,34589.0,37715.0,36391.0,33998.0,31382.0,33682.0,0.0,17027.0,36384.0,34943.0,21093.0,32524.0,12839.0,32524.0,32983.0,33075.0,18498.0,33905.0,38280.0,32451.0,38549.0,13092.0
P2740_Qu_CN,0.9796110313075508,0.9765152852664576,0.976081805728518,0.9749999626400996,0.975681547099189,0.9793905253512524,0.979784963190184,0.9805376794258374,0.9893242272727272,1.0,0.974777744360902,0.9756542285345384,0.9860360449970398,0.9804094566544568,0.9898897110849056,0.9804069047619046,0.9804540473300972,0.9804888099574984,0.989146762295082,0.9773623927905531,0.975545251396648,0.9799777723076922,0.9739181408276716,0.991463950260266,0.8138401895111258,0.7977099195910972,0.79318420878201,0.7985615373210381,0.7962865452274356,0.8114289580814701,0.8138204344662029,0.8288645124609855,0.8721040622556734,1.0,0.7938564877909934,0.7776369912068093,0.8438432151680113,0.819175164316896,0.8501271640204787,0.8191725086646637,0.8220474761916912,0.8221399632075105,0.86401872964946,0.7997466174501754,0.796823232570458,0.8134756912559101,0.7988984531826692,0.8610649039225345,0.8307789147952328,0.8168944527820978,0.8126206268028952,0.8190375055591771,0.8161336530293979,0.8285039900610188,0.8306112719023571,0.8453163298592814,0.8815149151454675,1.0,0.8143974279095518,0.7970415834458516,0.8557934767694467,0.8355439237726698,0.858809981052082,0.8355433898781065,0.8384354967274933,0.8385000979696524,0.8734990221721073,0.8182702990717176,0.8167978178661409,0.8300960636487743,0.8202932255720546,0.8684782776988503,0.8138401895111258,0.7977099195910972,0.79318420878201,0.7985615373210381,0.7962865452274356,0.8114289580814701,0.8138204344662029,0.8288645124609855,0.8721040622556734,1.0,0.7938564877909934,0.7776369912068093,0.8438432151680113,0.819175164316896,0.8501271640204787,0.8191725086646637,0.8220474761916912,0.8221399632075105,0.86401872964946,0.7997466174501754,0.796823232570458,0.8134756912559101,0.7988984531826692,0.8610649039225345,1556073.0,1530067.0,1522062.0,1534081.0,1528642.0,1551812.0,1555759.0,1583302.0,1651103.0,1873029.0,1525390.0,1492882.0,1602926.0,1564998.0,1608576.0,1564997.0,1570414.0,1570535.0,1636089.0,1532644.0,1529886.0,1554794.0,1536433.0,1626685.0,30782.0,35135.0,36312.0,37480.0,36632.0,30503.0,30671.0,29610.0,16932.0,0.0,37652.0,35295.0,21838.0,29175.0,15267.0,29176.0,29267.0,29268.0,16937.0,34767.0,36678.0,30114.0,38737.0,13571.0
P2746_Cocoa_VN,0.976710530487805,0.9939706380575946,0.9946140056657224,0.994434192459201,0.9942504197814838,0.9783170507201002,0.9766801772616136,0.9776953256936068,0.9768908017402111,0.9761118682710576,1.0,0.99637677328844,0.9789697472256472,0.9780774466750312,0.9760269844357976,0.9780830012531329,0.9781362476547842,0.9783027857589008,0.9773354017305316,0.9931850427350428,0.9944096004501972,0.9790932741738064,0.9943781767648696,0.9778545333333334,0.8089648737421854,0.9005491974431603,0.8929925492219064,0.8999205516796819,0.8847499592623734,0.788716016242153,0.8082157476882346,0.8116200562740601,0.7846572060096371,0.7797666008806782,1.0,0.9109453651120448,0.8050098967040348,0.7913261616542224,0.757814028045285,0.7914786623378455,0.7929273725600896,0.7932720138592366,0.7984447063733688,0.8822443447846516,0.898709210805634,0.8079648399015141,0.908527290998244,0.7727367352903061,0.8282544812311573,0.9060118709371564,0.8978282470738003,0.9049573702350378,0.8898663170359271,0.8061967392489077,0.8275132090366425,0.8301359686856149,0.8032189520178371,0.7988496259776486,1.0,0.91425792886115,0.8223031395866865,0.8090628859139235,0.7764273325735426,0.8092142091456375,0.8106512507447113,0.8108655371392713,0.8169607945845331,0.8882980580890733,0.9037615992431722,0.8252174345527022,0.9136637470806784,0.7902369002229637,0.8089648737421854,0.9005491974431603,0.8929925492219064,0.8999205516796819,0.8847499592623734,0.788716016242153,0.8082157476882346,0.8116200562740601,0.7846572060096371,0.7797666008806782,1.0,0.9109453651120448,0.8050098967040348,0.7913261616542224,0.757814028045285,0.7914786623378455,0.7929273725600896,0.7932720138592366,0.7984447063733688,0.8822443447846516,0.898709210805634,0.8079648399015141,0.908527290998244,0.7727367352903061,1565396.0,1712357.0,1696890.0,1710364.0,1681842.0,1523707.0,1563995.0,1568952.0,1518079.0,1509821.0,1889994.0,1727942.0,1554148.0,1529124.0,1467443.0,1529410.0,1532126.0,1532531.0,1544051.0,1678878.0,1708104.0,1559656.0,1726819.0,1493543.0,36265.0,10018.0,8745.0,9142.0,9005.0,33210.0,36252.0,35239.0,35468.0,35914.0,0.0,5320.0,31799.0,33294.0,34199.0,33302.0,33342.0,33315.0,34466.0,11082.0,9220.0,32284.0,9270.0,33698.0
P2763_Cocoa_VN,0.9774987760252368,0.993798744266055,0.9943080555555558,0.9943003466204507,0.9943481887012232,0.9771740329740012,0.9774505819101834,0.9784283845208848,0.977246187460418,0.9760092396907216,0.9968081050866407,1.0,0.9795974387947268,0.9785056002514142,0.9770403036303632,0.9785135866834171,0.9785250938673342,0.9785395622263914,0.9784592774936062,0.993171544668588,0.9947111456534254,0.9800265913370996,0.9943277045454546,0.9770894832041342,0.8265699165182123,0.9322648680513128,0.9222536852151584,0.9249622870510972,0.9187111828295548,0.819389288722558,0.8256653957213768,0.8429448143278634,0.8153584322618148,0.8096385724295138,0.955796436088997,1.0,0.8338052223167965,0.8331975037241238,0.7903614503415013,0.833266571765188,0.834926752250957,0.8351973793898217,0.8186943712653613,0.924083668001328,0.92677938428187,0.8361618102608801,0.9348760759300944,0.8031599479764804,0.8455968813375498,0.9380821553963762,0.9275331523889364,0.9302644720933384,0.923933078240468,0.8385295362677313,0.8447131865304327,0.8615293951643025,0.8343429145328232,0.8295398644853736,0.958857006891934,1.0,0.8511712967958455,0.8514999847829635,0.8089343371043917,0.8515636196626245,0.8532502206470284,0.8535141670609262,0.8367178789111243,0.9304371162885924,0.9317070471479124,0.8532031861707573,0.9402092204173896,0.8219922144108102,0.8265699165182123,0.9322648680513128,0.9222536852151584,0.9249622870510972,0.9187111828295548,0.819389288722558,0.8256653957213768,0.8429448143278634,0.8153584322618148,0.8096385724295138,0.955796436088997,1.0,0.8338052223167965,0.8331975037241238,0.7903614503415013,0.833266571765188,0.834926752250957,0.8351973793898217,0.8186943712653613,0.924083668001328,0.92677938428187,0.8361618102608801,0.9348760759300944,0.8031599479764804,1528150.0,1695288.0,1676224.0,1681160.0,1669718.0,1515378.0,1526553.0,1556943.0,1507812.0,1499132.0,1732832.0,1807185.0,1538224.0,1538818.0,1461894.0,1538933.0,1541981.0,1542458.0,1512104.0,1681472.0,1683767.0,1541896.0,1699132.0,1485492.0,33912.0,10009.0,9050.0,9212.0,9008.0,34285.0,33904.0,33592.0,34560.0,35704.0,5099.0,0.0,30855.0,32808.0,33324.0,32810.0,32871.0,32920.0,32413.0,10810.0,8605.0,30669.0,9033.0,34141.0
P2764_Cocoa_VN,0.9778158172231984,0.9801912705882352,0.9792655131264916,0.979047767164179,0.9785520538922156,0.978640243902439,0.9781063123899004,0.9797654951345164,0.9852510777084514,0.9858317136150234,0.978340878661088,0.9785697912829956,1.0,0.9804588384433964,0.986076023880597,0.9804567629716984,0.9805069794721408,0.980562878876536,0.9854840455840456,0.9804552448377584,0.9786023976261128,0.9796638537434708,0.9773646012994684,0.985559919493962,0.8255245660772224,0.8323904910033011,0.8097672031481036,0.8148373174888154,0.813516712664891,0.8138444050791962,0.8250447520520947,0.8400946207089617,0.8526529718883146,0.834435015237671,0.8137048040746249,0.8003115723964946,1.0,0.828374716659331,0.8190012599845701,0.8283833017879108,0.8301115348062121,0.8309839746561554,0.8619841917368644,0.8240408212694713,0.8116840996194818,0.8415213745969912,0.8187940637255622,0.8397852003769172,0.8442536432081321,0.8492123078220891,0.8269128160786215,0.8322753442858046,0.8313474070481051,0.8316073349220744,0.8435123478921062,0.8574445873842714,0.8654169390724845,0.8464274416348567,0.8317191091802518,0.8178380116835734,1.0,0.8448847459771812,0.8305660417149967,0.8448952907185187,0.8466146107935972,0.8474560811523293,0.8746810215745408,0.8404675538309045,0.8294319547841491,0.8589899192272814,0.8377570280701014,0.8520894404960246,0.8255245660772224,0.8323904910033011,0.8097672031481036,0.8148373174888154,0.813516712664891,0.8138444050791962,0.8250447520520947,0.8400946207089617,0.8526529718883146,0.834435015237671,0.8137048040746249,0.8003115723964946,1.0,0.828374716659331,0.8190012599845701,0.8283833017879108,0.8301115348062121,0.8309839746561554,0.8619841917368644,0.8240408212694713,0.8116840996194818,0.8415213745969912,0.8187940637255622,0.8397852003769172,1601279.0,1610684.0,1568389.0,1578560.0,1576800.0,1577293.0,1599873.0,1626298.0,1641419.0,1605402.0,1577505.0,1551177.0,1896680.0,1602476.0,1575318.0,1602496.0,1605757.0,1607353.0,1658990.0,1594098.0,1573167.0,1629229.0,1588957.0,1616141.0,34633.0,31410.0,32058.0,32842.0,33077.0,32451.0,34367.0,32057.0,22872.0,21690.0,33263.0,31950.0,0.0,31216.0,20892.0,31218.0,31256.0,31264.0,23127.0,30348.0,32867.0,31863.0,35216.0,22569.0
P2809_Apricot_BE,0.9905193368983958,0.9771781200727714,0.9776871894218944,0.976484781287971,0.9773242300556584,0.9872561776278808,0.9905123365487676,0.9884616200527704,0.9797911914401388,0.9803674785276074,0.9777129817073172,0.977500595823096,0.9806532534451768,1.0,0.9790779181708784,0.99999164756447,0.9998926086956522,0.9999675083692016,0.9810843582263712,0.9769456167664672,0.9774304278728608,0.9880537194775696,0.9770880060240964,0.980174949374628,0.8894035037505126,0.7824874766211454,0.768165073278917,0.7797696649115572,0.7673769952830995,0.8430911698320344,0.8891999029982274,0.893800451620438,0.8084212542814372,0.777654682095331,0.7701544106661473,0.7718715927373234,0.7926890758333356,1.0,0.7881160180844929,0.9993624502818392,0.9992125316259282,0.9989434954061912,0.8124432865816745,0.7900818134924393,0.7710891389079164,0.8425943186922442,0.7789909323604018,0.7901691179343175,0.897916346121514,0.8007623794962507,0.7856961629344172,0.7985476884576234,0.7851815924377497,0.853974063609065,0.8977171411074576,0.9042338452885212,0.8250954502797532,0.7932277427881161,0.7877101205317704,0.7896379767291861,0.8083275847487419,1.0,0.8049574027334392,0.9993707974619956,0.9993198498880682,0.9989759537640576,0.8281074708503455,0.808726504252594,0.788894142149845,0.8527818903791621,0.7972576958857797,0.80615110439056,0.8894035037505126,0.7824874766211454,0.768165073278917,0.7797696649115572,0.7673769952830995,0.8430911698320344,0.8891999029982274,0.893800451620438,0.8084212542814372,0.777654682095331,0.7701544106661473,0.7718715927373234,0.7926890758333356,1.0,0.7881160180844929,0.9993624502818392,0.9992125316259282,0.9989434954061912,0.8124432865816745,0.7900818134924393,0.7710891389079164,0.8425943186922442,0.7789909323604018,0.7901691179343175,1762432.0,1571738.0,1542166.0,1567391.0,1541156.0,1676182.0,1762041.0,1774832.0,1619499.0,1556949.0,1546119.0,1549903.0,1586587.0,1962802.0,1579972.0,1961567.0,1961467.0,1960792.0,1625411.0,1587370.0,1548443.0,1673842.0,1564859.0,1582315.0,16430.0,35357.0,34336.0,36537.0,34426.0,21112.0,16426.0,20352.0,31646.0,29472.0,33920.0,33761.0,29796.0,0.0,30496.0,3.0,32.0,9.0,30100.0,35919.0,34453.0,19595.0,35000.0,29997.0
P3124_LMG_BE,0.978827901459854,0.9779558819756254,0.9765730582213692,0.9766300064557778,0.9762020179372196,0.9786113202933986,0.978818904443092,0.97966707201889,0.9917891206313416,0.9899538178528348,0.9763712890625,0.976579900332226,0.9868316666666668,0.9796685396634612,1.0,0.9796545306859206,0.979692303539292,0.9796836630695442,0.9904395573675016,0.9782232239747636,0.9761147013977128,0.9804180666666668,0.97567088501292,0.9917678263403265,0.7750054670743108,0.7424015631825001,0.7371885164289609,0.7337531561882209,0.7386023671714492,0.7751589459092084,0.7745469680235841,0.7969639232495843,0.8467583752377278,0.7989551280951481,0.7303907416347794,0.7209709525256242,0.7770231757575788,0.7879411770216604,1.0,0.7877533708782001,0.7890914714941057,0.7894703302449665,0.8258216951356758,0.748603013864467,0.7412677080098093,0.7819896199667331,0.7327890750467673,0.818407284611355,0.7917688757323366,0.7591360478171383,0.7548728794255302,0.7513112963332297,0.7566081134847125,0.7921009391929036,0.7913077327253603,0.8135048589590823,0.8537685659414253,0.8070630303018032,0.7480665908725068,0.7382611010940884,0.7873918136233085,0.8042936412884467,1.0,0.8041134361177732,0.8054482704859364,0.80584208965106,0.833793126488844,0.7652680855630348,0.7594063555731486,0.7976083331730385,0.7510617425435049,0.8252004782523743,0.7750054670743108,0.7424015631825001,0.7371885164289609,0.7337531561882209,0.7386023671714492,0.7751589459092084,0.7745469680235841,0.7969639232495843,0.8467583752377278,0.7989551280951481,0.7303907416347794,0.7209709525256242,0.7770231757575788,0.7879411770216604,1.0,0.7877533708782001,0.7890914714941057,0.7894703302449665,0.8258216951356758,0.748603013864467,0.7412677080098093,0.7819896199667331,0.7327890750467673,0.818407284611355,1564160.0,1499693.0,1491271.0,1484235.0,1494699.0,1564816.0,1563249.0,1607100.0,1686642.0,1594374.0,1477825.0,1458454.0,1555513.0,1588903.0,1975526.0,1588547.0,1591184.0,1591962.0,1647180.0,1511807.0,1500227.0,1575696.0,1483742.0,1630205.0,32303.0,33324.0,35012.0,34643.0,35366.0,31916.0,32297.0,31563.0,13662.0,15394.0,34881.0,33804.0,20312.0,31077.0,0.0,31075.0,31118.0,31147.0,15317.0,33280.0,35242.0,29800.0,35060.0,13345.0
P3333_Amaranth_BE,0.9905434689507494,0.9767699513677812,0.9773259791282995,0.976148246041413,0.9768582552404438,0.987311701526286,0.9905372103004292,0.9884534320465362,0.9802501101449274,0.9801753719512196,0.977547379352474,0.9772726199261992,0.9804684844868734,0.9999953349282296,0.9789365446910618,1.0,0.9998952390057362,0.9999160220201052,0.9810866239067056,0.9766363076002392,0.9769731909701036,0.9880197609561752,0.9768318302227572,0.98024699408284,0.8885654216842694,0.7803681144158701,0.7689766525314801,0.7773591405242607,0.7690052627250338,0.8406706187029449,0.8883619987623236,0.8922895549387593,0.8064407720651118,0.7800788055392915,0.7693037388562194,0.7715135645556143,0.7958180761078602,0.9984588877292564,0.788904379901431,1.0,0.99897478735291,0.9986853316960488,0.8132679979215728,0.7898438129695163,0.7722447148502072,0.8418241576363502,0.7785270478820597,0.7946645240770713,0.8970483876144254,0.7989272328894971,0.7868169566282773,0.7963535699384756,0.7872229759022212,0.8514743797762666,0.8968486893015195,0.9027127895052424,0.8226887849529358,0.7958563618940977,0.7869733530110888,0.7894558271916763,0.8116712456335098,0.9984635456333568,0.8058789756902964,1.0,0.9990794519096404,0.998769206316376,0.8289461685688101,0.8087389408144126,0.7904461678046584,0.8520317010883048,0.7969918913315139,0.8106778484136975,0.8885654216842694,0.7803681144158701,0.7689766525314801,0.7773591405242607,0.7690052627250338,0.8406706187029449,0.8883619987623236,0.8922895549387593,0.8064407720651118,0.7800788055392915,0.7693037388562194,0.7715135645556143,0.7958180761078602,0.9984588877292564,0.788904379901431,1.0,0.99897478735291,0.9986853316960488,0.8132679979215728,0.7898438129695163,0.7722447148502072,0.8418241576363502,0.7785270478820597,0.7946645240770713,1760871.0,1568263.0,1544491.0,1563211.0,1545288.0,1671411.0,1760479.0,1771990.0,1614906.0,1562235.0,1544798.0,1549671.0,1593279.0,1959945.0,1581909.0,1962961.0,1961154.0,1960545.0,1627189.0,1587523.0,1551615.0,1672505.0,1564464.0,1591329.0,16379.0,35850.0,34850.0,36831.0,35047.0,21008.0,16374.0,20307.0,31075.0,29747.0,34280.0,34267.0,30358.0,2.0,30710.0,0.0,32.0,45.0,30161.0,36347.0,35110.0,19505.0,35489.0,30144.0
P3334_WhiteCowpea_BE,0.9906172505422994,0.9773537886279356,0.978004805276382,0.9766851700680276,0.9775339332913784,0.9872951718213056,0.9906095874049946,0.9886883879634604,0.9804058289085548,0.9810240590405904,0.9780595226286424,0.9781460075093869,0.9810484210526316,0.9998465834557024,0.9800184043848964,0.999841016121153,1.0,0.9999845348837212,0.9811934667451444,0.9772147076735688,0.9778614597629444,0.9881827304147466,0.9775222721674875,0.9808025616355984,0.8875308806342043,0.7772506862542281,0.763730602581331,0.7754506999540417,0.7623642970487512,0.8387849989210174,0.8874741723443825,0.8888658844294385,0.8056957653386507,0.7789424793414723,0.7650866230254446,0.7667918094861947,0.7911291905924764,0.9883480486966556,0.7847011743508082,0.989273480441279,1.0,0.999310628185536,0.8118868149010743,0.7853944515922128,0.7679513485360875,0.8387219261965606,0.7746229122034691,0.7918775332011242,0.8959372352423077,0.7952603195464935,0.7809067997017688,0.7939617839185892,0.7798852511256094,0.8495787509764429,0.8958869201631835,0.8990354243568691,0.8217982202692518,0.7940095578321011,0.7822495516113277,0.7839236715167354,0.8064119707196733,0.9884997009048074,0.8007004468893846,0.9894307839851676,1.0,0.9993260828796082,0.827448247891722,0.8037071540419017,0.7853375760634397,0.8487518556861884,0.7924350516186971,0.807377105419239,0.8875308806342043,0.7772506862542281,0.763730602581331,0.7754506999540417,0.7623642970487512,0.8387849989210174,0.8874741723443825,0.8888658844294385,0.8056957653386507,0.7789424793414723,0.7650866230254446,0.7667918094861947,0.7911291905924764,0.9883480486966556,0.7847011743508082,0.989273480441279,1.0,0.999310628185536,0.8118868149010743,0.7853944515922128,0.7679513485360875,0.8387219261965606,0.7746229122034691,0.7918775332011242,1762847.0,1564755.0,1536513.0,1562200.0,1534503.0,1671632.0,1762748.0,1768943.0,1616971.0,1562294.0,1539155.0,1542449.0,1586697.0,1944973.0,1575459.0,1946805.0,1967601.0,1966275.0,1628088.0,1581375.0,1545231.0,1670005.0,1559196.0,1588596.0,16275.0,35203.0,33829.0,36104.0,34058.0,21065.0,16275.0,19830.0,30753.0,28966.0,33347.0,33304.0,29503.0,56.0,29885.0,58.0,0.0,5.0,30009.0,35645.0,34149.0,19392.0,34387.0,29408.0
P3335_RedCowpea_BE,0.9907591057797164,0.9774680999383096,0.9778238176100628,0.9765366500622664,0.9773148517350158,0.9871231109833238,0.9907537595628416,0.988649751082251,0.9798632724056604,0.9804350217526414,0.9781053212726138,0.9777488408521304,0.9805413851761848,0.9998423860852524,0.9795213516819572,0.9998400195886386,0.9998786546867412,1.0,0.9811849315883404,0.9771408517156864,0.9775528277153558,0.988197218350755,0.9774854972205066,0.9807476371308016,0.8854252272273259,0.7770006223575638,0.7603288768441705,0.770566028447499,0.7591078808369554,0.837516267985959,0.8852845419470273,0.8861324603014633,0.8065833077702035,0.7752167098449143,0.7620152147814487,0.7639699016284357,0.7887006526593126,0.9882360934560768,0.7822338016805923,0.9886553755820772,0.9986899418927764,1.0,0.8073507083469835,0.7802801403014952,0.7648949816276411,0.834922690024558,0.7728180136295221,0.7917505805623662,0.8936836634274545,0.794911488576049,0.7775724656641316,0.7890805003564031,0.7767280723190892,0.8484415557363115,0.893546487613278,0.896305753712511,0.8231590370664291,0.7906864734994109,0.7790727626243664,0.7813559778425496,0.8043522329428225,0.9883918777692368,0.7985878003959809,0.988813566383187,0.9988111429438032,1.0,0.8228323554052606,0.7985339461874523,0.7824589730002434,0.8448947988519908,0.7906183936508937,0.8072928759519112,0.8854252272273259,0.7770006223575638,0.7603288768441705,0.770566028447499,0.7591078808369554,0.837516267985959,0.8852845419470273,0.8861324603014633,0.8065833077702035,0.7752167098449143,0.7620152147814487,0.7639699016284357,0.7887006526593126,0.9882360934560768,0.7822338016805923,0.9886553755820772,0.9986899418927764,1.0,0.8073507083469835,0.7802801403014952,0.7648949816276411,0.834922690024558,0.7728180136295221,0.7917505805623662,1759017.0,1564606.0,1530478.0,1553129.0,1528816.0,1669968.0,1758747.0,1764178.0,1620205.0,1556290.0,1533431.0,1537925.0,1583188.0,1945429.0,1571842.0,1946259.0,1965937.0,1968277.0,1619562.0,1571736.0,1540096.0,1662987.0,1556156.0,1588976.0,15963.0,34791.0,33717.0,35915.0,33902.0,21187.0,15958.0,19840.0,31382.0,29559.0,33098.0,33244.0,30105.0,71.0,30165.0,72.0,53.0,0.0,29934.0,35162.0,34118.0,19346.0,34024.0,29461.0
P3378_Banana_BE,0.9785067694131596,0.9779555419473362,0.9777267080745342,0.9771070504044804,0.9774137826086956,0.9789418323353296,0.9786203264094956,0.980862605430387,0.988884590529248,0.9886353223915592,0.9772834704049842,0.9771057837492002,0.986188441483198,0.98001602707475,0.989844210832848,0.980011936433196,0.9799124692082112,0.9798042656524284,1.0,0.9787358708891596,0.9764206419753088,0.9805325132743362,0.9761496404215746,0.9898965574712644,0.8186476537244225,0.7961610564304947,0.7778792758821823,0.7796046996123502,0.779633031300259,0.8081853175262748,0.8181604902769004,0.8323206312056681,0.8718020750544635,0.836847576193242,0.7805361275867287,0.7624527565885915,0.8433754341156134,0.8258016735421254,0.8429113785683711,0.8258539914762031,0.8284962894360707,0.8297038517890227,1.0,0.7965776094515664,0.7792282621419742,0.8231945641578041,0.7773744198983262,0.8455260174566892,0.8366295250214677,0.8141076176583175,0.795599904818068,0.7978703042718065,0.7976489028213166,0.8255703156522549,0.8360346379465533,0.8485598559855986,0.8816014360056695,0.8464674053612258,0.79867935069369,0.7803175145100717,0.8551868980001448,0.8426409882367547,0.851559638722493,0.842697890478703,0.8454798928168679,0.846805715054264,1.0,0.8138841470353932,0.798045666635629,0.8395382641712447,0.7963680850843705,0.8541559328346627,0.8186476537244225,0.7961610564304947,0.7778792758821823,0.7796046996123502,0.779633031300259,0.8081853175262748,0.8181604902769004,0.8323206312056681,0.8718020750544635,0.836847576193242,0.7805361275867287,0.7624527565885915,0.8433754341156134,0.8258016735421254,0.8429113785683711,0.8258539914762031,0.8284962894360707,0.8297038517890227,1.0,0.7965776094515664,0.7792282621419742,0.8231945641578041,0.7773744198983262,0.8455260174566892,1617322.0,1573784.0,1538006.0,1542395.0,1541967.0,1595943.0,1616172.0,1640385.0,1704259.0,1636340.0,1543959.0,1508463.0,1653196.0,1628943.0,1646184.0,1629053.0,1634431.0,1636994.0,1933140.0,1573352.0,1542734.0,1622945.0,1539491.0,1651203.0,33565.0,34000.0,33581.0,34270.0,34023.0,31725.0,33452.0,29825.0,18408.0,17559.0,35093.0,33408.0,22321.0,30730.0,15887.0,30735.0,31053.0,31249.0,0.0,33351.0,34518.0,30001.0,35067.0,16299.0
P360_Cocoa_CR,0.9768432230392158,0.9927393042986428,0.9934189536878216,0.993957836938436,0.9930961351819756,0.9771935165521548,0.9770079507692307,0.9769123228111972,0.9771769054972204,0.9776080152671754,0.992591626297578,0.9930502396259496,0.9807752450980392,0.9767248265368228,0.9767542364217252,0.9767184348355664,0.9767618248175184,0.9769569198055894,0.9781575122850122,1.0,0.9929414521640092,0.9796376806314512,0.9920154738655949,0.9780958541147132,0.8210679173878128,0.9155643052780452,0.9009885538618876,0.93134240911464,0.8989176496693856,0.8040214389545682,0.8195826495463348,0.8386889035485174,0.8054057845781789,0.7976869176865602,0.8927881939051384,0.8920593095540491,0.8260508981129583,0.8267590658606884,0.788149298779521,0.8263291951992963,0.8278226874287296,0.828197688571737,0.8240471002218837,1.0,0.903399818183812,0.8304955462621199,0.8955214240370247,0.8027790340993968,0.8405319277675438,0.9222605585510482,0.9069572817361606,0.9370039397076818,0.9051667988866628,0.8227863011119926,0.838869989646502,0.8585099030536096,0.824216966290624,0.815957833026314,0.8994516679888667,0.8983022952494925,0.8422428096973282,0.8464605827540305,0.8069064554732356,0.8460260047599198,0.8475174463164405,0.8477320460932353,0.8424482661252369,1.0,0.9098218391577362,0.8477578626077369,0.902729289642468,0.8207570155033548,0.8210679173878128,0.9155643052780452,0.9009885538618876,0.93134240911464,0.8989176496693856,0.8040214389545682,0.8195826495463348,0.8386889035485174,0.8054057845781789,0.7976869176865602,0.8927881939051384,0.8920593095540491,0.8260508981129583,0.8267590658606884,0.788149298779521,0.8263291951992963,0.8278226874287296,0.828197688571737,0.8240471002218837,1.0,0.903399818183812,0.8304955462621199,0.8955214240370247,0.8027790340993968,1562780.0,1714736.0,1686283.0,1742148.0,1682954.0,1529786.0,1559690.0,1596206.0,1532446.0,1517090.0,1672328.0,1670191.0,1565961.0,1573803.0,1500261.0,1572995.0,1575768.0,1576167.0,1566343.0,1859275.0,1691609.0,1576215.0,1678422.0,1526013.0,35951.0,11959.0,10579.0,10004.0,11026.0,34532.0,35671.0,36499.0,35013.0,34114.0,11775.0,11092.0,29419.0,35791.0,34008.0,35779.0,35822.0,35793.0,33328.0,0.0,11140.0,31785.0,12125.0,33642.0
P363_Unknown_BE,0.9777908780795956,0.9955007961603616,0.9983218530524042,0.9956451181102364,0.9973213440265488,0.9778519020715633,0.9777793037974684,0.9776134434250766,0.9764070050125316,0.975597067764408,0.9942569043576684,0.9944037674418604,0.9796097501561524,0.9777112876884424,0.9770237799352752,0.9777105527638192,0.9777451031894931,0.977878975,0.978596142227816,0.9935696674311926,1.0,0.9801024598269468,0.9943414971751412,0.9777621628498728,0.8046542451751267,0.9225568144776302,0.967544678070728,0.9282255478964468,0.9474804880478928,0.8135253473979213,0.803966853216539,0.8288993508889013,0.8084598644891092,0.8054415823223946,0.9212406438185584,0.903906719738926,0.8203246963320594,0.8157802025769173,0.7869537122657498,0.8157106406008579,0.8178133064402013,0.8181475460364553,0.8134926284671554,0.908677366528085,1.0,0.8265404986225751,0.9222910175118466,0.8004404295431083,0.8229308159997223,0.9267263452082856,0.9691710895763987,0.9322855413164142,0.950025278936245,0.8319514904807989,0.8222375438855353,0.8478804751138095,0.8279947402453685,0.8255883591041058,0.9265619778760484,0.908993659652214,0.8373994809681073,0.8343774004140104,0.8054601417356322,0.834306879776417,0.836427923568648,0.8366552170082758,0.8312853416887631,0.9145582804247728,1.0,0.8433205021937343,0.9275395024063812,0.8186453310998182,0.8046542451751267,0.9225568144776302,0.967544678070728,0.9282255478964468,0.9474804880478928,0.8135253473979213,0.803966853216539,0.8288993508889013,0.8084598644891092,0.8054415823223946,0.9212406438185584,0.903906719738926,0.8203246963320594,0.8157802025769173,0.7869537122657498,0.8157106406008579,0.8178133064402013,0.8181475460364553,0.8134926284671554,0.908677366528085,1.0,0.8265404986225751,0.9222910175118466,0.8004404295431083,1517017.0,1708357.0,1786601.0,1718605.0,1751307.0,1533646.0,1515739.0,1563010.0,1526352.0,1521916.0,1708054.0,1675668.0,1543689.0,1538118.0,1484811.0,1537988.0,1541898.0,1542317.0,1532418.0,1685926.0,1843432.0,1554604.0,1709856.0,1509117.0,33832.0,7407.0,2734.0,7071.0,4414.0,34196.0,33814.0,34899.0,36134.0,36979.0,9382.0,8639.0,31338.0,33980.0,33928.0,33981.0,34051.0,34045.0,32843.0,10503.0,0.0,31021.0,8999.0,33813.0
P800_Unknown_BE,0.9874582677165352,0.978977673716012,0.9788940522063396,0.9783212831585442,0.9795585021752642,0.9885074491574664,0.9874751406074244,0.992477924631349,0.9806223966446974,0.9813477332498436,0.9785804551045508,0.9792726813880128,0.9812119064966608,0.9878109965237544,0.9813044239063462,0.9878038943702844,0.9878326878612717,0.9878237088388214,0.98182274909964,0.9787300737100736,0.9790626159554732,1.0,0.9779369963144964,0.981518255602665,0.8771723954435657,0.8134692368549137,0.7864706443106158,0.794592715326136,0.7897921600656747,0.8505958121040561,0.87736158506849,0.905852027881754,0.8124479960894397,0.783070702228874,0.7960045519360303,0.7811965563882691,0.8120871685085339,0.8531189045538764,0.7943326308311102,0.8526186105383918,0.8548424641581993,0.8552736724424539,0.8196260285558402,0.8011713267184967,0.7889506704345337,1.0,0.7940615343038429,0.8047886170251811,0.8883133840906492,0.8309374755883246,0.8034277484248488,0.8122001728928617,0.8062736001084331,0.860484979479966,0.8884897948203534,0.9127175581444076,0.8285023867181862,0.7979543598023578,0.8134278053315358,0.7977313890560164,0.8276368877422479,0.8636458872761303,0.8094660652492073,0.863145625764037,0.865371711892825,0.8658161013849536,0.834800404968678,0.8185825165068192,0.8058224852805681,1.0,0.8119761674794839,0.8199425863261508,0.8771723954435657,0.8134692368549137,0.7864706443106158,0.794592715326136,0.7897921600656747,0.8505958121040561,0.87736158506849,0.905852027881754,0.8124479960894397,0.783070702228874,0.7960045519360303,0.7811965563882691,0.8120871685085339,0.8531189045538764,0.7943326308311102,0.8526186105383918,0.8548424641581993,0.8552736724424539,0.8196260285558402,0.8011713267184967,0.7889506704345337,1.0,0.7940615343038429,0.8047886170251811,1717100.0,1606193.0,1553017.0,1569974.0,1558518.0,1663308.0,1717441.0,1764273.0,1601486.0,1542437.0,1572347.0,1542006.0,1599813.0,1669418.0,1564689.0,1668451.0,1672754.0,1673613.0,1613660.0,1582311.0,1557646.0,1932989.0,1569541.0,1584940.0,21084.0,33569.0,32341.0,33234.0,31655.0,18610.0,21080.0,13030.0,30135.0,28505.0,33178.0,31499.0,29880.0,19815.0,28555.0,19811.0,19842.0,19867.0,29253.0,32863.0,32127.0,0.0,34068.0,28478.0
P815_Cocoa_CR,0.976166414740787,0.9932852488687784,0.9944301297236322,0.9942640067720092,0.9939779942857142,0.9765766520376176,0.976330975,0.9776298265550238,0.977175009287926,0.975500580075662,0.9941782061281338,0.994385980335454,0.9778827239263804,0.978082470660902,0.9761227828348504,0.9780558096415328,0.9781448923076924,0.978246898034398,0.9777234376956794,0.9930090034364262,0.9946716563380282,0.9782005398773008,1.0,0.977212706480305,0.7810581386578535,0.8833066444547035,0.8832418056287231,0.8834912401291052,0.8772390434193469,0.7793661125145879,0.7802083894446745,0.8125199613871159,0.7815278866078101,0.7733236046890939,0.893622327599727,0.8734031033095342,0.7957777164244778,0.7906776351457987,0.7484055160776273,0.7904228956671889,0.7941478025701332,0.7947169453513029,0.7820464183412811,0.8690166325186814,0.886241007790276,0.7960480594791471,1.0,0.7645063233007245,0.8001280589695938,0.8892779244035628,0.8881889025970984,0.8885881758884742,0.882553787370054,0.7980593339892451,0.7991228481147742,0.8311120828322897,0.799782924429591,0.7927454073160194,0.8988552777474115,0.878334088152463,0.8137762299647577,0.8083956709821498,0.7667124763793669,0.8081572522501419,0.8118917849650441,0.8123889244608249,0.7998646531215675,0.8751346961722861,0.8909885007209825,0.8137882029578498,1.0,0.7823335884101427,0.7810581386578535,0.8833066444547035,0.8832418056287231,0.8834912401291052,0.8772390434193469,0.7793661125145879,0.7802083894446745,0.8125199613871159,0.7815278866078101,0.7733236046890939,0.893622327599727,0.8734031033095342,0.7957777164244778,0.7906776351457987,0.7484055160776273,0.7904228956671889,0.7941478025701332,0.7947169453513029,0.7820464183412811,0.8690166325186814,0.886241007790276,0.7960480594791471,1.0,0.7645063233007245,1537038.0,1708294.0,1706202.0,1706969.0,1695377.0,1533064.0,1535107.0,1596558.0,1536375.0,1522856.0,1726692.0,1687271.0,1563256.0,1552920.0,1472847.0,1552462.0,1559636.0,1560591.0,1536532.0,1681125.0,1711580.0,1563279.0,1920990.0,1502855.0,36410.0,10851.0,9216.0,9502.0,9230.0,35759.0,36138.0,35775.0,35349.0,36871.0,9723.0,8721.0,33718.0,33836.0,34495.0,33840.0,33952.0,33972.0,34059.0,11389.0,8801.0,33969.0,0.0,34363.0
Reference,0.98088418814433,0.9779812066666664,0.9775189694915256,0.9775101692620176,0.9770025371120108,0.9795091937581276,0.9808699870884442,0.9797868355995054,0.992319227082085,0.9903758958068616,0.97734990443686,0.9765888949897048,0.9867119974226805,0.9796707682458384,0.9922208301647656,0.9796722023047374,0.979513580952381,0.9794335506329114,0.9884788396756082,0.9790776439089692,0.975289514304724,0.9797936086404064,0.9745684605087016,1.0,0.8034101641081843,0.7751996079174518,0.7607643550630963,0.7614361663397073,0.7628669963848411,0.7959049671098313,0.8019747788703981,0.8372154640048839,0.8764478783289245,0.825277818774754,0.7553992842630016,0.7496144758085284,0.8085584189603745,0.807725448265995,0.8289036872133654,0.8077564487304847,0.8141372930160078,0.8162346303018208,0.8382296535130033,0.7714481597879622,0.7724482812585184,0.8152204775898764,0.7680128509255575,1.0,0.8190673005220963,0.7926528675940799,0.7782604520286924,0.7789547262864409,0.7808239665782775,0.8125548715435191,0.8176157792848083,0.8544873574389414,0.8832317810732336,0.8332975613288713,0.7729056715857109,0.7675844765943513,0.8194472359435702,0.824486628004914,0.8354024245547435,0.8245170648204464,0.8311648851508747,0.8333741781403841,0.8479995927763991,0.7879335868685082,0.7920194669673964,0.8320328591662307,0.7880542845852748,1.0,0.8034101641081843,0.7751996079174518,0.7607643550630963,0.7614361663397073,0.7628669963848411,0.7959049671098313,0.8019747788703981,0.8372154640048839,0.8764478783289245,0.825277818774754,0.7553992842630016,0.7496144758085284,0.8085584189603745,0.807725448265995,0.8289036872133654,0.8077564487304847,0.8141372930160078,0.8162346303018208,0.8382296535130033,0.7714481597879622,0.7724482812585184,0.8152204775898764,0.7680128509255575,1.0,1560804.0,1510469.0,1483043.0,1484366.0,1487928.0,1548394.0,1558038.0,1628300.0,1683075.0,1587921.0,1472839.0,1462699.0,1561528.0,1571131.0,1591932.0,1571189.0,1583857.0,1588067.0,1615937.0,1501476.0,1509262.0,1585511.0,1501706.0,1905587.0,29716.0,33104.0,33043.0,33204.0,33985.0,31487.0,29682.0,32541.0,12567.0,15044.0,33181.0,33750.0,20523.0,31544.0,12161.0,31544.0,32046.0,32239.0,18184.0,31399.0,37002.0,31797.0,37867.0,0.0
